ax,ay,az,gx,gy,gz,time
399695.0,0.09,-0.34,9.93,0.0,0.01,-0.0
399708.0,0.0,-0.4,9.91,0.01,0.02,0.0
399721.0,0.04,-0.38,9.99,0.0,0.01,0.0
399734.0,0.0,-0.34,9.93,0.01,0.01,-0.0
399748.0,0.05,-0.35,9.89,0.01,0.02,-0.0
399761.0,0.08,-0.4,9.93,0.01,0.01,-0.01
399774.0,0.06,-0.36,9.9,0.01,0.02,0.0
399787.0,0.1,-0.33,9.85,0.01,0.02,-0.0
399800.0,0.06,-0.41,9.88,0.01,0.01,-0.0
399813.0,0.04,-0.3,9.96,0.01,0.01,-0.0
399826.0,0.04,-0.38,9.96,0.01,0.01,0.0
399839.0,0.1,-0.37,9.93,0.01,0.02,-0.0
399852.0,0.06,-0.43,9.94,0.01,0.01,-0.0
399865.0,0.13,-0.4,9.92,0.01,0.01,-0.0
399878.0,0.03,-0.38,9.89,0.01,0.01,-0.0
399891.0,0.09,-0.33,9.95,0.01,0.02,-0.0
399904.0,0.14,-0.34,9.92,0.01,0.02,-0.0
399917.0,0.08,-0.33,9.9,0.01,0.02,-0.0
399930.0,-0.02,-0.39,9.91,0.02,0.01,-0.0
399943.0,0.02,-0.4,9.95,0.01,0.01,-0.0
399956.0,0.01,-0.39,9.95,0.01,0.01,-0.0
399969.0,0.1,-0.4,9.94,0.01,0.02,-0.01
399982.0,0.07,-0.39,9.9,0.01,0.01,-0.0
399996.0,0.1,-0.37,9.93,0.01,0.01,-0.0
400009.0,0.1,-0.36,9.89,0.01,0.01,-0.01
400022.0,-0.01,-0.36,9.91,0.01,0.02,-0.0
400035.0,0.08,-0.33,9.94,0.01,0.01,-0.0
400048.0,0.06,-0.33,9.95,0.01,0.02,-0.0
400061.0,0.09,-0.36,9.95,0.01,0.02,-0.0
400074.0,0.06,-0.4,9.95,0.01,0.01,-0.0
400087.0,0.05,-0.34,9.88,0.01,0.01,-0.01
400100.0,0.05,-0.38,9.94,0.01,0.02,0.0
400113.0,0.06,-0.4,9.94,0.01,0.02,-0.0
400126.0,0.11,-0.39,9.93,0.02,0.02,0.0
400139.0,0.09,-0.44,9.95,0.01,0.01,0.0
400152.0,0.09,-0.34,9.9,0.01,0.01,0.0
400165.0,0.07,-0.42,9.92,0.01,0.02,-0.0
400178.0,0.05,-0.35,9.96,0.01,0.01,0.0
400191.0,0.06,-0.34,9.96,0.01,0.02,0.0
400204.0,0.09,-0.43,9.91,0.01,0.01,0.0
400217.0,0.09,-0.38,9.95,0.01,0.01,-0.0
400230.0,0.05,-0.36,9.87,0.01,0.01,0.0
400244.0,0.06,-0.36,9.91,0.02,0.01,-0.0
400257.0,0.07,-0.37,9.9,0.01,0.01,0.0
400270.0,0.04,-0.44,10.01,0.01,0.02,-0.0
400283.0,0.09,-0.36,9.95,0.01,0.01,0.0
400296.0,0.07,-0.35,10.01,0.01,0.02,-0.01
400309.0,0.09,-0.35,9.93,0.01,0.01,0.0
400322.0,0.09,-0.3,9.95,0.01,0.01,-0.0
400335.0,0.09,-0.3,9.92,0.01,0.02,-0.0
400348.0,0.04,-0.45,9.9,0.01,0.02,-0.0
400361.0,0.07,-0.37,9.9,0.01,0.01,-0.0
400374.0,0.06,-0.36,9.91,0.01,0.02,-0.0
400387.0,0.1,-0.34,9.89,0.01,0.01,0.0
400400.0,0.11,-0.35,9.96,0.01,0.01,-0.0
400413.0,0.06,-0.39,9.9,0.01,0.02,0.0
400426.0,0.04,-0.39,9.96,0.01,0.01,-0.0
400439.0,0.07,-0.39,9.93,0.02,0.02,0.0
400452.0,0.05,-0.4,9.93,0.01,0.01,-0.0
400465.0,0.09,-0.33,9.92,0.02,0.01,-0.0
400478.0,0.09,-0.38,9.97,0.01,0.02,-0.01
400492.0,0.05,-0.36,9.94,0.02,0.02,-0.0
400505.0,0.09,-0.44,10.07,-0.01,0.02,-0.0
400518.0,0.13,-0.36,9.93,0.01,0.01,-0.0
400531.0,0.06,-0.32,10.01,0.01,0.01,-0.0
400544.0,0.07,-0.42,9.96,0.01,0.02,-0.0
400557.0,0.11,-0.37,9.93,0.01,0.01,0.0
400570.0,0.04,-0.32,9.93,0.01,0.02,-0.0
400583.0,0.05,-0.43,9.93,0.01,0.01,-0.0
400596.0,0.08,-0.34,9.96,0.01,0.01,0.0
400609.0,0.07,-0.38,9.89,0.01,0.02,0.0
400622.0,0.1,-0.39,9.92,0.01,0.01,-0.0
400635.0,0.08,-0.38,9.94,0.01,0.02,-0.0
400648.0,0.04,-0.37,9.96,0.01,0.01,-0.01
400661.0,0.11,-0.38,9.96,0.01,0.01,-0.0
400674.0,0.07,-0.36,9.9,0.01,0.01,-0.0
400687.0,0.06,-0.37,9.95,0.01,0.01,-0.0
400700.0,0.14,-0.4,9.97,0.01,0.01,-0.0
400713.0,0.11,-0.32,9.95,0.01,0.01,-0.0
400726.0,0.11,-0.37,9.9,0.0,0.01,0.0
400739.0,0.09,-0.36,9.92,0.01,0.01,-0.01
400753.0,0.1,-0.33,9.91,0.01,0.01,-0.0
400766.0,0.07,-0.34,9.92,0.01,0.01,-0.0
400779.0,0.03,-0.4,9.9,0.01,0.01,-0.0
400792.0,0.1,-0.4,9.94,0.01,0.02,-0.01
400805.0,0.05,-0.45,9.96,0.01,0.01,0.0
400818.0,0.09,-0.41,9.97,0.01,0.01,-0.0
400831.0,0.1,-0.38,9.91,0.01,0.02,-0.0
400844.0,0.04,-0.37,9.93,0.01,0.01,-0.0
400857.0,0.08,-0.34,9.93,0.01,0.01,0.0
400870.0,0.07,-0.41,9.92,0.01,0.01,-0.0
400883.0,0.03,-0.33,9.96,0.01,0.02,-0.0
400896.0,0.05,-0.38,9.9,0.0,0.01,-0.0
400909.0,0.02,-0.36,9.99,0.01,0.02,-0.0
400922.0,0.02,-0.35,9.93,0.01,0.01,-0.0
400935.0,0.04,-0.37,9.94,0.01,0.01,-0.0
400948.0,0.04,-0.45,9.93,0.01,0.01,-0.0
400961.0,0.09,-0.31,9.95,0.01,0.02,-0.0
400974.0,0.14,-0.35,9.92,0.01,0.01,-0.01
400987.0,0.09,-0.3,9.93,0.01,0.01,-0.0
401001.0,0.07,-0.38,9.92,0.01,0.01,-0.0
401014.0,0.13,-0.32,9.93,0.01,0.01,-0.0
401027.0,0.08,-0.3,9.95,0.01,0.01,-0.0
401040.0,0.09,-0.35,9.91,0.01,0.02,0.0
401053.0,0.12,-0.37,9.95,0.02,0.01,-0.0
401066.0,0.04,-0.31,9.96,0.01,0.02,-0.0
401079.0,-0.02,-0.39,9.92,0.01,0.01,0.0
401092.0,0.03,-0.39,9.93,0.01,0.02,-0.0
401105.0,0.12,-0.37,9.97,0.01,0.01,-0.0
401118.0,0.09,-0.32,9.95,0.01,0.01,-0.0
401131.0,0.06,-0.36,9.96,0.01,0.01,-0.01
401144.0,0.08,-0.37,9.94,0.01,0.02,-0.01
401157.0,0.09,-0.3,9.97,0.01,0.01,-0.0
401170.0,0.07,-0.35,9.94,0.01,0.01,-0.0
401183.0,0.11,-0.37,9.97,0.01,0.02,-0.0
401196.0,0.09,-0.38,9.92,0.01,0.01,-0.0
401209.0,0.04,-0.35,9.97,0.01,0.01,-0.0
401222.0,0.03,-0.34,9.9,0.02,0.01,-0.0
401235.0,0.02,-0.41,9.9,0.01,0.01,-0.0
401249.0,0.09,-0.36,9.91,0.03,0.01,-0.0
401262.0,0.09,-0.38,9.97,0.02,0.01,-0.0
401275.0,0.09,-0.41,10.01,0.02,0.01,-0.0
401288.0,0.09,-0.38,9.93,0.01,0.02,0.0
401301.0,0.06,-0.38,9.96,0.02,0.01,-0.0
401314.0,0.03,-0.35,9.95,0.02,0.01,-0.0
401327.0,0.11,-0.38,9.97,0.02,0.01,-0.0
401340.0,0.05,-0.41,9.85,0.03,0.02,-0.0
401353.0,-0.26,-0.58,9.96,0.01,0.01,-0.0
401366.0,-0.24,-0.45,9.87,0.0,0.01,0.02
401379.0,0.23,-0.31,9.89,0.01,0.01,0.02
401392.0,0.66,-0.02,9.87,0.02,0.02,0.02
401405.0,0.03,-0.22,9.92,0.01,0.01,0.0
401418.0,0.08,-0.64,10.6,-0.04,0.01,-0.0
401431.0,0.05,-0.26,9.76,-0.01,0.01,-0.01
401444.0,0.05,-0.41,9.98,0.0,0.02,-0.0
401457.0,0.03,-0.35,9.97,0.0,0.01,-0.0
401470.0,0.11,-0.37,10.0,-0.0,0.01,-0.0
401483.0,0.06,-0.4,10.0,-0.01,0.02,-0.0
401497.0,0.01,-0.44,9.84,-0.01,0.01,-0.0
401510.0,0.12,-0.28,10.06,0.0,0.02,-0.01
401523.0,0.06,-0.31,9.94,0.02,0.02,-0.0
401536.0,0.34,-0.53,9.72,0.02,0.01,-0.01
401549.0,0.04,-0.37,9.87,0.02,0.01,0.0
401562.0,0.09,-0.34,9.94,0.01,0.02,-0.01
401575.0,0.11,-0.34,9.96,0.01,0.01,-0.0
401588.0,0.05,-0.35,9.92,0.02,0.01,-0.01
401601.0,0.05,-0.32,9.95,0.02,0.02,-0.0
401614.0,0.01,-0.37,9.96,0.02,0.01,-0.0
401627.0,0.0,-0.37,9.9,0.02,0.01,-0.0
401640.0,0.09,-0.29,9.96,0.01,0.01,-0.0
401653.0,0.06,-0.11,9.97,0.02,0.01,0.04
401666.0,-0.09,0.18,9.69,0.03,0.01,0.12
401679.0,-0.6,0.3,9.85,0.01,0.01,0.28
401692.0,0.73,-1.7,10.17,0.01,0.02,0.25
401705.0,0.08,-1.79,9.98,0.03,0.02,-0.0
401718.0,0.06,-0.4,10.01,0.02,0.01,-0.0
401731.0,0.1,-0.37,9.95,0.02,0.01,-0.0
401744.0,0.07,-0.34,9.96,0.02,0.01,-0.0
401758.0,0.11,-0.37,9.92,0.01,0.01,-0.0
401771.0,0.05,-0.37,9.87,0.02,0.02,-0.0
401784.0,-0.15,-0.5,9.72,0.04,0.01,-0.01
401797.0,0.16,-0.71,10.11,-0.02,0.0,-0.0
401810.0,0.04,-0.44,9.96,0.01,0.01,0.0
401823.0,0.12,-0.42,9.99,0.01,0.01,-0.0
401836.0,0.1,-0.34,9.91,0.01,0.01,-0.0
401849.0,0.11,-0.4,9.96,0.01,0.01,0.0
401862.0,0.11,-0.37,9.94,0.01,0.01,-0.01
401875.0,0.08,-0.39,9.94,0.01,0.02,-0.0
401888.0,0.04,-0.36,10.01,0.02,0.01,0.0
401901.0,0.11,-0.29,9.93,0.02,0.01,-0.0
401914.0,0.09,-0.37,9.9,0.01,0.02,-0.0
401927.0,0.06,-0.36,9.95,0.01,0.02,0.0
401940.0,0.06,-0.35,9.93,0.01,0.01,-0.0
401953.0,0.1,-0.37,9.95,0.02,0.01,-0.0
401966.0,0.06,-0.4,9.97,0.01,0.02,-0.0
401979.0,0.12,-0.32,9.97,0.02,0.01,-0.0
401992.0,0.07,-0.4,9.94,0.01,0.01,-0.0
402006.0,0.06,-0.38,9.93,0.02,0.02,-0.0
402019.0,0.07,-0.36,9.87,0.01,0.01,-0.0
402032.0,0.14,-0.33,9.97,0.01,0.01,0.0
402045.0,0.08,-0.33,9.92,0.01,0.02,0.01
402058.0,0.09,-0.32,9.95,0.01,0.01,-0.0
402071.0,0.11,-0.37,9.95,0.01,0.02,-0.0
402084.0,0.07,-0.37,9.96,0.01,0.02,-0.0
402097.0,0.05,-0.35,9.94,0.01,0.01,-0.01
402110.0,0.11,-0.36,9.96,0.01,0.02,-0.01
402123.0,0.06,-0.33,9.93,0.01,0.01,0.0
402136.0,0.04,-0.32,9.9,0.01,0.01,0.0
402149.0,0.11,-0.35,9.92,0.01,0.01,-0.0
402162.0,0.11,-0.39,9.99,0.02,0.02,-0.0
402175.0,0.06,-0.35,9.95,0.01,0.02,0.0
402188.0,0.08,-0.39,9.93,0.01,0.01,-0.0
402201.0,0.0,-0.42,9.83,0.01,0.01,-0.0
402214.0,0.05,-0.35,10.02,0.0,0.01,0.0
402227.0,0.09,-0.28,9.91,0.02,0.01,-0.0
402240.0,0.14,-0.32,9.99,0.01,0.01,-0.0
402254.0,0.07,-0.37,9.95,0.01,0.01,-0.0
402267.0,0.11,-0.34,9.94,0.01,0.02,-0.0
402280.0,0.09,-0.35,9.9,0.01,0.02,0.0
402293.0,0.13,-0.35,9.96,0.01,0.01,-0.0
402306.0,0.11,-0.33,9.89,0.01,0.01,-0.0
402319.0,0.1,-0.37,9.94,0.02,0.02,-0.0
402332.0,0.07,-0.35,9.9,0.01,0.02,-0.0
402345.0,-0.01,-0.37,9.92,0.01,0.01,-0.01
402358.0,0.03,-0.42,9.9,0.01,0.01,-0.0
402371.0,0.05,-0.37,9.96,0.02,0.02,0.0
402384.0,0.08,-0.36,9.93,0.01,0.01,0.0
402397.0,0.06,-0.36,9.91,0.02,0.01,-0.0
402410.0,0.02,-0.31,9.9,0.01,0.02,0.0
402423.0,0.02,-0.43,9.92,0.01,0.01,-0.0
402436.0,0.07,-0.39,9.91,-0.0,0.01,0.01
402449.0,-0.74,-1.69,9.97,0.01,0.01,0.11
402462.0,-0.12,-1.51,10.31,0.02,0.01,0.43
402475.0,-0.55,-1.01,9.74,0.03,0.01,0.52
402488.0,-0.13,-0.61,9.95,0.01,0.0,0.65
402502.0,0.23,0.68,9.73,0.04,-0.0,0.62
402515.0,-0.03,2.79,9.72,-0.0,0.01,0.02
402528.0,0.25,0.01,10.01,-0.01,0.02,-0.09
402541.0,0.77,-0.87,9.91,-0.0,0.01,-0.05
402554.0,0.05,-0.13,9.84,-0.03,0.0,-0.01
402567.0,-0.2,-0.06,9.71,-0.08,0.0,-0.03
402580.0,0.21,-0.88,10.13,-0.13,-0.01,-0.01
402593.0,0.25,-1.27,9.97,0.01,0.02,-0.01
402606.0,0.19,-1.52,10.2,0.1,0.03,0.04
402619.0,0.34,-0.82,9.2,0.26,0.08,0.04
402632.0,0.35,0.4,10.71,0.02,0.04,-0.13
402645.0,0.26,0.28,10.3,0.03,0.1,-0.26
402658.0,0.13,0.07,10.12,0.03,0.19,-0.15
402671.0,0.34,0.58,10.28,0.02,0.24,-0.05
402684.0,0.6,0.48,10.15,0.05,0.28,-0.01
402697.0,-0.3,0.16,9.86,0.04,0.3,-0.02
402710.0,-1.01,-0.14,9.0,0.21,0.16,0.19
402723.0,-0.29,-0.25,9.46,0.26,0.02,0.33
402736.0,0.4,-0.61,10.59,0.06,0.1,0.39
402749.0,-0.22,-0.44,10.74,0.2,0.15,0.32
402763.0,-0.5,-0.17,10.47,0.41,0.25,0.01
402776.0,-0.1,0.28,9.94,0.35,0.3,-0.15
402789.0,-0.51,-0.47,10.45,0.11,0.43,-0.1
402802.0,-0.1,-0.2,11.16,-0.01,0.55,0.06
402815.0,0.74,0.12,11.32,-0.01,0.78,-0.02
402828.0,-0.3,0.91,10.04,0.04,0.81,-0.23
402841.0,-0.95,-0.39,9.84,0.78,0.6,-0.53
402854.0,-1.48,0.59,10.23,1.28,0.46,-0.65
402867.0,-0.84,0.5,10.69,1.77,0.42,-0.99
402880.0,-0.29,-0.21,11.38,1.89,0.51,-1.05
402893.0,-0.28,-0.01,11.1,1.62,0.75,-0.76
402906.0,-1.53,1.1,9.93,1.46,0.91,-0.65
402919.0,-2.08,0.59,9.25,1.26,0.98,-0.43
402932.0,-0.62,0.6,6.98,0.32,1.1,0.17
402945.0,-0.7,0.77,6.98,-0.54,1.08,0.38
402958.0,-1.31,-0.5,8.89,-1.52,1.04,0.23
402971.0,-1.24,-0.42,9.02,-1.59,0.87,0.05
402984.0,-0.86,-0.31,9.07,-0.75,0.35,-0.28
402997.0,-1.3,-0.07,9.17,-0.36,0.15,-0.41
403011.0,-1.38,0.14,10.69,0.28,-0.0,-0.61
403024.0,-1.59,0.75,10.68,0.71,-0.08,-0.7
403037.0,-1.81,1.17,10.87,1.75,-0.14,-1.01
403050.0,-2.35,1.31,9.68,2.26,-0.31,-1.04
403063.0,-2.98,1.1,8.76,2.46,-0.5,-0.63
403076.0,-4.25,1.17,8.43,2.36,-0.54,-0.19
403089.0,-2.43,2.33,8.45,1.8,-0.4,0.7
403102.0,1.44,3.11,8.44,0.74,-0.22,0.89
403115.0,-0.2,2.49,9.46,-1.15,0.22,0.7
403128.0,-1.36,1.64,9.09,-1.67,0.32,0.55
403141.0,-1.34,1.43,8.46,-2.02,0.33,0.54
403154.0,-1.15,1.05,8.67,-2.21,0.16,0.47
403167.0,-1.21,0.15,9.12,-2.36,0.14,-0.01
403180.0,-0.65,-0.73,10.56,-1.91,-0.02,-0.13
403193.0,-0.3,-0.25,11.22,-0.49,-0.23,-0.15
403206.0,-1.98,1.05,10.56,-0.35,-0.12,-0.06
403219.0,-2.06,1.13,10.05,-0.76,-0.06,0.02
403232.0,-1.31,-0.68,10.3,-0.7,-0.09,0.02
403245.0,-1.02,-0.66,10.79,-0.23,0.04,-0.12
403259.0,-1.68,-0.42,11.08,-0.18,0.15,-0.24
403272.0,-0.86,0.12,11.48,-0.2,0.26,-0.29
403285.0,-0.34,0.82,12.52,-0.53,0.27,-0.16
403298.0,-0.43,0.57,12.99,-0.92,0.23,0.08
403311.0,-1.35,-0.53,14.99,-0.86,0.01,0.38
403324.0,-1.41,-0.14,15.54,-0.33,-0.11,0.22
403337.0,-1.69,1.04,15.11,0.8,-0.49,0.02
403350.0,-2.22,1.23,15.21,1.02,-0.65,0.08
403363.0,-2.16,0.91,14.35,0.89,-1.02,0.19
403376.0,-2.82,1.04,13.98,0.75,-1.2,0.2
403389.0,-3.34,1.46,11.7,0.45,-1.51,0.36
403402.0,-2.22,1.39,10.4,0.5,-1.62,0.52
403415.0,-2.12,1.3,9.2,0.78,-1.67,0.74
403428.0,-0.77,0.65,6.7,1.31,-1.76,0.79
403441.0,-0.64,0.72,4.24,1.68,-2.18,0.76
403454.0,-0.87,-0.37,-1.56,1.42,-2.16,0.83
403467.0,-0.62,-1.47,-4.08,0.28,-1.4,0.86
403480.0,0.05,-3.17,-6.12,-0.14,-0.72,0.66
403493.0,0.08,-3.17,-5.33,-0.18,0.77,0.06
403507.0,0.98,-1.3,-1.77,0.07,1.39,-0.14
403520.0,1.07,-0.79,0.8,0.5,2.09,-0.25
403533.0,1.01,0.79,7.33,0.61,2.17,-0.28
403546.0,0.37,0.76,11.01,0.61,1.98,-0.48
403559.0,-1.33,4.06,16.14,0.41,1.69,-0.51
403572.0,-2.07,6.11,18.57,-0.49,1.24,-0.07
403585.0,-2.67,5.37,23.38,-0.69,1.04,0.24
403598.0,-2.29,4.06,25.81,-0.25,0.44,0.66
403611.0,-1.98,1.36,26.4,0.07,0.01,0.7
403624.0,-1.41,-0.41,23.37,0.03,-0.97,0.44
403637.0,-1.97,-1.07,20.04,-0.22,-1.41,0.25
403650.0,-1.78,-1.04,16.58,-0.38,-1.8,-0.13
403663.0,-1.38,-0.32,9.14,-0.37,-1.7,-0.27
403676.0,-0.96,0.22,6.5,-0.32,-1.52,-0.3
403689.0,0.01,0.3,2.52,0.03,-1.15,-0.21
403702.0,0.44,0.35,0.93,0.27,-0.97,-0.2
403715.0,0.8,0.68,-1.76,0.59,-0.66,-0.2
403728.0,0.79,0.64,-2.38,0.57,-0.54,-0.17
403741.0,0.4,1.34,-3.47,0.13,-0.31,-0.24
403755.0,0.51,2.17,-3.52,-0.17,-0.07,-0.28
403768.0,0.8,2.75,-2.92,-0.5,0.68,-0.09
403781.0,1.22,2.08,2.24,-0.4,1.11,0.02
403794.0,1.32,1.64,6.79,0.05,1.32,0.02
403807.0,0.23,1.4,16.25,0.12,1.12,-0.09
403820.0,-1.25,2.1,19.3,-0.27,0.38,-0.28
403833.0,-3.51,3.74,24.21,-0.46,-0.04,-0.28
403846.0,-3.91,3.34,26.75,-0.5,-0.48,0.26
403859.0,-2.02,0.17,26.19,-0.25,-0.94,0.5
403872.0,-0.94,-1.26,23.7,-0.29,-1.79,0.41
403885.0,0.48,-1.31,16.55,-0.45,-2.08,0.19
403898.0,0.69,-0.94,12.18,-0.12,-2.05,-0.08
403911.0,0.96,-0.49,4.21,0.2,-1.76,-0.18
403924.0,1.11,0.04,0.92,0.3,-0.96,-0.26
403937.0,1.75,1.23,-4.53,0.21,-0.55,-0.23
403950.0,1.92,1.24,-5.9,0.21,0.33,-0.03
403963.0,1.53,-0.23,-5.82,0.31,0.67,0.0
403976.0,1.31,0.03,-5.07,0.48,1.12,-0.23
403989.0,0.78,2.3,-3.94,0.37,1.27,-0.27
404002.0,0.93,2.37,-1.29,0.02,1.79,-0.09
404016.0,0.55,1.51,4.92,-0.05,1.95,-0.05
404029.0,-0.58,0.87,9.21,-0.06,2.06,-0.09
404042.0,-3.27,0.98,19.03,-0.02,2.13,-0.19
404055.0,-2.94,1.52,23.49,0.02,1.93,-0.24
404068.0,-3.47,1.29,31.04,-0.08,1.08,-0.05
404081.0,-3.21,1.06,31.95,-0.12,0.31,0.04
404094.0,-1.49,0.93,27.23,-0.44,-1.34,0.22
404107.0,-0.92,0.8,22.58,-0.47,-1.84,0.25
404120.0,0.94,1.42,13.19,-0.07,-2.33,0.16
404133.0,1.57,1.54,8.47,-0.05,-2.29,0.13
404146.0,1.79,1.13,4.46,-0.16,-1.65,0.11
404159.0,2.01,0.42,-0.88,-0.09,-1.18,0.02
404172.0,1.75,0.59,-2.32,0.29,-0.29,-0.14
404185.0,1.13,1.24,-4.44,0.37,0.05,-0.12
404198.0,0.81,1.09,-4.85,0.21,0.73,-0.01
404211.0,0.07,-0.08,-3.82,0.24,1.13,0.01
404224.0,-0.41,-0.2,-1.74,0.36,1.84,-0.02
404237.0,-1.05,-1.01,3.93,0.22,2.05,-0.08
404250.0,-1.2,-1.17,7.96,0.35,2.37,-0.28
404264.0,-1.3,-0.2,17.85,0.61,2.27,-0.41
404277.0,-0.94,1.07,20.21,0.25,1.52,-0.64
404290.0,-2.15,5.62,26.16,-0.03,0.86,-0.61
404303.0,-1.92,6.34,26.41,-0.48,-0.27,0.0
404316.0,-1.49,4.58,23.22,-0.43,-0.64,0.3
404329.0,-1.28,2.81,21.04,-0.17,-1.28,0.51
404342.0,-1.26,0.39,14.68,-0.17,-1.56,0.49
404355.0,-1.24,-0.74,10.61,-0.14,-1.75,0.32
404368.0,-1.05,-2.13,3.87,-0.09,-1.53,0.15
404381.0,-0.72,-1.85,1.46,-0.01,-0.82,-0.23
404394.0,0.32,0.0,-1.98,0.04,-0.53,-0.34
404407.0,0.6,0.96,-2.95,0.07,-0.24,-0.36
404420.0,1.09,1.3,-2.75,0.19,0.49,-0.19
404433.0,1.41,1.54,-0.65,0.42,0.96,-0.15
404446.0,0.97,2.93,5.75,0.46,1.43,-0.17
404459.0,-0.05,3.04,9.06,0.12,1.48,-0.1
404472.0,-0.97,1.87,18.64,-0.25,1.38,0.06
404485.0,-1.4,1.53,20.34,-0.11,1.19,0.09
404498.0,-1.28,1.3,25.34,0.22,0.24,0.16
404512.0,-1.45,1.57,25.14,0.23,-0.42,0.17
404525.0,-1.48,1.9,23.67,-0.12,-1.34,0.27
404538.0,-0.56,1.31,19.11,-0.11,-1.48,0.29
404551.0,-0.33,0.96,17.71,0.07,-1.55,0.21
404564.0,-0.23,0.21,11.93,0.15,-1.7,0.17
404577.0,0.2,-0.39,7.84,0.36,-1.8,0.11
404590.0,0.84,-1.73,-0.15,0.42,-1.61,0.07
404603.0,1.03,-2.2,-3.01,0.38,-0.81,-0.18
404616.0,0.6,-2.05,-4.79,0.34,-0.26,-0.34
404629.0,0.31,-1.46,-3.36,0.49,0.79,-0.51
404642.0,-0.07,-0.01,1.93,0.57,1.08,-0.55
404655.0,-0.32,0.44,4.94,0.29,1.03,-0.52
404668.0,-0.92,0.75,9.94,0.09,0.8,-0.47
404681.0,-1.16,0.93,10.79,-0.05,0.21,-0.37
404694.0,-0.94,0.99,10.79,-0.08,0.08,-0.34
404707.0,-0.68,1.09,10.8,-0.29,0.1,-0.38
404720.0,-0.13,2.07,11.25,-0.4,0.13,-0.43
404733.0,-0.51,2.53,12.95,-0.37,-0.02,-0.35
404746.0,-0.41,2.97,13.38,-0.25,-0.13,-0.27
404760.0,-0.52,2.7,13.18,-0.15,-0.34,-0.11
404773.0,-0.4,1.71,12.82,-0.1,-0.39,-0.07
404786.0,-0.21,1.48,12.42,-0.01,-0.42,-0.1
404799.0,0.34,1.48,11.73,0.06,-0.49,-0.17
404812.0,0.37,1.73,11.34,-0.04,-0.47,-0.22
404825.0,0.78,1.82,10.53,-0.22,-0.42,-0.23
404838.0,1.07,1.9,10.23,-0.17,-0.35,-0.27
404851.0,1.23,2.5,9.99,-0.04,-0.17,-0.35
404864.0,1.34,2.86,9.94,-0.01,-0.12,-0.33
404877.0,1.33,2.92,9.87,0.01,-0.14,-0.21
404890.0,1.4,2.34,9.5,-0.05,-0.15,-0.14
404903.0,1.36,2.05,9.32,-0.16,-0.17,-0.13
404916.0,1.0,1.7,9.26,-0.18,-0.15,-0.15
404929.0,1.03,1.71,9.37,-0.27,-0.11,-0.16
404942.0,1.11,1.16,9.45,-0.36,-0.17,-0.14
404955.0,1.27,0.67,9.39,-0.53,-0.23,-0.14
404968.0,1.04,0.01,9.09,-0.45,-0.22,-0.2
404981.0,1.11,-0.19,9.1,-0.21,-0.11,-0.31
404994.0,0.88,0.17,9.66,-0.2,-0.07,-0.4
405007.0,0.7,0.67,9.89,-0.45,-0.1,-0.46
405021.0,0.81,1.62,10.03,-0.56,-0.14,-0.41
405034.0,0.88,1.81,9.96,-0.38,-0.14,-0.31
405047.0,0.92,2.03,9.97,-0.22,-0.12,-0.27
405060.0,1.06,2.01,10.0,-0.2,-0.11,-0.16
405073.0,2.93,4.13,11.61,-0.28,-0.34,0.06
405086.0,0.07,0.88,10.82,-0.53,-0.43,0.13
405099.0,1.04,1.3,9.59,-0.46,-0.38,0.07
405112.0,0.71,1.31,9.94,-0.45,-0.23,0.01
405125.0,1.02,0.43,9.79,-0.37,-0.19,-0.02
405138.0,1.33,-0.04,9.9,-0.22,-0.19,-0.07
405151.0,1.61,-0.89,10.22,-0.08,-0.27,-0.15
405164.0,1.72,-1.14,10.0,-0.04,-0.23,-0.19
405177.0,1.91,-1.0,9.23,0.12,-0.21,-0.36
405190.0,1.53,-1.06,9.09,0.25,-0.09,-0.45
405203.0,1.27,0.14,9.58,0.22,0.14,-0.56
405216.0,1.61,0.31,9.62,0.13,0.19,-0.54
405229.0,1.28,0.57,9.51,0.09,0.25,-0.53
405242.0,1.32,0.75,9.75,0.14,0.21,-0.51
405255.0,1.1,0.7,9.48,0.28,0.14,-0.43
405269.0,1.07,0.27,9.32,0.29,0.09,-0.42
405282.0,0.72,-0.03,9.78,0.09,0.0,-0.52
405295.0,1.16,0.16,9.63,-0.14,0.01,-0.59
405308.0,1.17,0.63,9.3,-0.37,0.08,-0.69
405321.0,1.03,1.49,9.31,-0.39,0.13,-0.7
405334.0,1.21,1.63,9.27,-0.26,0.22,-0.63
405347.0,1.09,1.62,9.86,-0.15,0.23,-0.61
405360.0,1.15,1.19,9.99,-0.15,0.11,-0.66
405373.0,0.78,0.27,9.17,-0.24,0.02,-0.71
405386.0,0.99,0.57,8.93,-0.55,0.05,-0.76
405399.0,1.13,1.09,8.53,-0.73,0.13,-0.72
405412.0,1.58,1.33,8.68,-0.5,0.26,-0.65
405425.0,1.52,1.8,9.98,-0.2,0.32,-0.61
405438.0,1.58,1.41,11.01,0.17,0.35,-0.45
405451.0,1.36,1.0,13.17,0.22,0.35,-0.43
405464.0,1.19,1.06,14.13,0.21,0.25,-0.43
405477.0,0.38,1.15,16.89,0.11,0.14,-0.46
405490.0,0.06,1.28,18.21,0.12,-0.08,-0.42
405503.0,-0.88,0.75,19.78,0.44,-0.2,-0.38
405517.0,-0.76,0.31,19.86,0.81,-0.28,-0.31
405530.0,-0.33,-0.34,17.58,1.38,-0.41,-0.2
405543.0,-0.22,-0.46,15.48,1.44,-0.52,-0.18
405556.0,0.18,-0.49,9.37,1.32,-0.71,-0.09
405569.0,-0.11,-0.02,5.74,1.25,-0.62,-0.04
405582.0,0.15,1.15,0.28,1.35,-0.18,0.12
405595.0,0.75,1.15,-1.5,1.46,0.01,0.11
405608.0,1.28,0.75,-3.19,1.22,0.29,-0.1
405621.0,2.33,-0.79,-5.67,0.86,0.37,-0.24
405634.0,2.56,-0.21,-5.45,-0.23,0.43,-0.48
405697.0,-15.32,0.0,75.48,0.0,6.42,0.0
405724.0,-15.32,0.0,75.48,0.0,6.42,0.0
405734.0,-15.32,0.0,75.48,0.0,4.65,0.0
405744.0,-15.32,0.0,75.48,0.0,6.42,0.0
405755.0,-15.32,0.0,75.48,0.0,6.42,0.0
405765.0,-15.32,0.0,75.48,0.0,4.65,0.0
405778.0,-0.09,0.82,19.37,0.83,-0.46,-0.09
405791.0,0.01,-0.91,16.1,1.49,-1.37,-0.06
405804.0,0.85,-1.45,7.92,1.59,-1.62,0.04
405817.0,0.84,-0.78,2.69,1.5,-1.32,0.13
405830.0,1.28,0.76,-4.8,1.43,-0.94,0.18
405843.0,1.38,0.96,-7.49,1.12,0.22,0.23
405856.0,1.52,0.15,-10.24,0.85,0.79,0.15
405869.0,2.18,-0.69,-10.15,0.16,1.61,-0.28
405883.0,3.42,-1.54,-6.47,-0.16,1.9,-0.57
405896.0,3.12,-0.46,0.32,-1.2,1.61,-0.93
405909.0,0.61,-0.09,9.61,-2.0,1.07,-1.05
405922.0,-0.45,-0.38,14.04,-2.71,0.55,-1.07
405935.0,-3.65,-1.72,24.46,-2.01,0.02,-0.82
405948.0,-3.95,-1.37,29.51,-0.85,-0.01,-0.53
405961.0,-2.3,2.01,32.46,0.51,0.15,0.03
405974.0,-1.61,3.73,30.49,0.5,0.15,0.37
405987.0,0.45,5.33,24.1,0.68,-0.24,0.61
406000.0,0.72,5.02,20.43,0.91,-0.64,0.49
406013.0,0.49,3.28,12.92,1.25,-1.59,0.18
406026.0,0.46,1.9,8.63,1.18,-1.92,0.11
406039.0,0.22,0.96,4.11,0.92,-1.9,-0.06
406052.0,-0.03,-0.62,-4.41,0.98,-1.5,-0.13
406065.0,0.13,-0.67,-6.74,1.07,-0.14,-0.14
406078.0,0.93,-0.24,-8.09,0.79,0.51,-0.06
406091.0,1.36,-0.81,-7.84,0.05,1.48,-0.03
406104.0,2.85,-1.42,-5.35,-0.14,1.79,-0.23
406117.0,3.04,-1.34,-1.1,-0.75,1.97,-0.6
406131.0,1.62,1.54,8.89,-1.73,1.49,-0.68
406144.0,-0.16,0.79,13.46,-2.31,0.56,-0.63
406157.0,-3.05,-0.96,22.49,-1.64,0.43,-0.58
406170.0,-4.02,-0.55,27.12,0.19,0.59,-0.18
406183.0,-3.92,2.3,31.11,0.58,0.72,0.08
406196.0,-3.3,3.52,29.32,0.76,0.51,0.66
406209.0,-1.09,5.04,22.75,0.81,0.15,0.74
406222.0,-0.24,4.73,18.83,0.95,-0.91,0.43
406235.0,0.4,2.6,11.53,1.02,-1.5,0.26
406248.0,0.87,1.59,7.72,0.72,-2.34,0.03
406261.0,0.74,0.16,-1.21,0.52,-2.28,-0.03
406274.0,0.92,-0.03,-5.24,0.38,-1.26,-0.07
406287.0,1.43,0.42,-8.3,0.5,-0.46,-0.06
406300.0,2.41,0.34,-7.68,0.41,0.33,-0.03
406313.0,3.81,-0.61,-5.72,0.21,1.54,-0.14
406326.0,4.13,0.42,-2.97,0.16,1.88,-0.4
406339.0,2.77,2.57,5.5,-0.86,1.42,-0.83
406352.0,1.04,2.0,9.62,-1.74,0.98,-0.87
406365.0,-2.04,0.03,16.88,-2.42,0.19,-0.99
406378.0,-2.85,-1.04,21.65,-1.93,0.11,-0.82
406392.0,-3.42,-0.95,26.2,-0.39,0.5,-0.13
406405.0,-3.03,1.63,28.1,0.1,0.62,0.27
406418.0,-3.0,1.87,25.94,0.29,0.36,0.94
406431.0,-0.91,3.88,20.43,0.38,0.02,1.06
406444.0,0.08,4.14,17.17,0.42,-1.01,0.82
406457.0,0.52,2.3,10.01,0.44,-1.53,0.6
406470.0,0.61,1.5,6.87,0.57,-2.0,0.19
406483.0,1.13,-0.07,-0.51,0.58,-1.87,0.04
406496.0,0.84,-0.28,-3.74,0.51,-0.76,-0.06
406509.0,1.8,0.32,-6.41,0.41,-0.06,-0.08
406522.0,2.77,-0.09,-6.19,0.01,1.24,-0.17
406535.0,3.11,0.05,-1.79,-0.22,1.64,-0.3
406548.0,2.93,0.89,1.26,-0.83,1.54,-0.56
406561.0,1.23,0.9,7.25,-1.18,1.25,-0.7
406574.0,-0.38,0.64,11.43,-1.39,0.61,-0.74
406587.0,-3.8,-0.71,20.86,-1.06,0.43,-0.56
406600.0,-5.61,-1.4,27.75,-0.16,0.35,0.07
406613.0,-4.19,1.72,29.27,-0.06,0.52,0.57
406626.0,-3.73,2.58,27.86,0.3,0.29,1.11
406640.0,-1.31,4.02,22.35,0.42,0.02,1.13
406653.0,-0.5,4.36,19.5,0.75,-1.03,0.73
406666.0,0.6,2.03,12.91,0.81,-1.7,0.48
406679.0,1.13,0.82,9.64,0.73,-2.25,0.27
406692.0,1.36,-0.18,1.74,0.58,-2.76,-0.02
406705.0,1.58,-0.6,-2.28,0.42,-2.68,-0.04
406718.0,1.6,-1.23,-7.87,0.15,-1.6,0.14
406731.0,1.83,-1.19,-8.96,-0.06,-0.73,0.3
406744.0,2.71,-1.13,-7.84,-0.57,0.89,0.52
406757.0,2.15,-0.8,-5.07,-0.65,1.47,0.46
406770.0,2.28,-0.67,0.62,-1.52,1.31,0.04
406783.0,0.91,1.07,8.58,-2.15,1.12,-0.16
406796.0,-0.06,-0.0,12.77,-2.07,0.76,-0.64
406809.0,-2.98,-1.36,22.17,-1.14,0.57,-0.76
406822.0,-3.64,-1.97,26.88,0.44,0.33,-0.62
406835.0,-1.63,-1.52,30.68,0.7,0.46,-0.26
406848.0,-0.65,-0.93,28.97,0.67,0.53,0.34
406861.0,0.68,2.44,21.34,0.84,0.31,0.39
406874.0,1.15,2.98,17.93,1.12,-0.62,0.12
406888.0,1.24,2.67,10.11,1.08,-1.07,-0.09
406901.0,1.41,2.22,5.48,1.02,-1.27,-0.25
406914.0,1.25,1.32,-2.9,1.06,-1.04,-0.16
406927.0,1.15,0.89,-5.99,0.94,-0.01,0.08
406940.0,1.73,0.09,-7.64,0.71,0.63,0.18
406953.0,2.05,0.01,-6.88,-0.04,1.48,0.13
406966.0,2.79,-0.01,-3.28,-0.34,1.68,-0.0
406979.0,3.29,0.15,-0.01,-0.72,1.44,-0.57
406992.0,1.62,0.64,7.71,-1.13,1.09,-0.83
407005.0,-0.42,0.89,12.1,-2.16,0.3,-1.1
407018.0,-4.43,-1.31,23.24,-1.96,0.09,-0.96
407031.0,-6.75,-2.91,31.64,-1.2,0.1,-0.59
407044.0,-4.08,-0.97,32.51,0.56,0.56,0.48
407057.0,-2.62,0.94,30.28,0.91,0.6,0.95
407070.0,0.13,4.21,21.93,0.9,0.13,1.31
407083.0,0.6,4.48,17.69,0.97,-0.42,1.11
407096.0,1.36,2.91,10.94,0.85,-1.83,0.37
407109.0,1.82,1.59,7.18,0.58,-2.35,0.09
407122.0,1.91,-0.21,-1.22,0.21,-2.61,-0.14
407136.0,1.61,-0.67,-4.81,0.28,-2.31,-0.05
407149.0,1.37,-0.38,-7.3,0.61,-0.79,0.26
407162.0,2.46,1.11,-8.37,0.7,0.1,0.41
407175.0,2.57,1.11,-7.65,0.7,1.45,0.41
407188.0,2.83,0.27,-2.58,0.12,1.49,0.17
407201.0,2.39,0.75,1.27,-0.89,1.36,-0.27
407214.0,1.38,-0.93,7.6,-1.29,1.2,-0.55
407227.0,0.08,-1.05,11.26,-1.88,1.02,-0.83
407240.0,-3.1,-2.15,20.69,-1.67,1.02,-0.78
407253.0,-3.94,-2.35,24.87,-0.65,1.16,-0.29
407266.0,-3.74,-0.53,28.68,-0.07,1.2,0.09
407279.0,-3.23,0.73,28.14,0.71,0.89,0.76
407292.0,-0.78,3.94,23.17,0.96,0.48,0.86
407305.0,0.42,4.36,19.31,1.03,-0.67,0.58
407318.0,1.07,2.83,12.89,0.9,-1.33,0.28
407331.0,1.64,1.32,9.74,0.43,-2.43,-0.19
407344.0,2.64,-0.15,3.44,0.18,-2.75,-0.31
407357.0,2.33,-0.18,-0.2,0.01,-2.61,-0.21
407370.0,1.29,0.88,-7.63,0.11,-2.0,-0.06
407383.0,1.04,2.29,-10.01,0.41,0.04,0.3
407397.0,2.31,1.25,-9.38,0.46,1.09,0.33
407410.0,1.94,0.97,-5.12,0.56,1.86,0.12
407423.0,1.41,-0.03,2.15,-0.63,2.02,-0.48
407436.0,0.45,-1.26,6.02,-1.56,1.98,-0.76
407449.0,-2.47,-3.51,16.19,-2.29,1.69,-1.16
407462.0,-4.09,-3.74,22.07,-2.15,1.56,-1.08
407475.0,-5.62,-3.11,29.2,-0.64,1.34,-0.33
407488.0,-4.61,-0.75,29.12,0.15,1.12,0.19
407501.0,-4.08,0.85,27.4,0.95,0.25,0.96
407514.0,-0.64,3.7,21.56,0.75,-0.29,1.01
407527.0,0.6,4.13,18.68,0.23,-1.53,0.5
407540.0,1.01,1.98,12.83,0.12,-2.05,0.18
407553.0,1.45,1.18,9.9,0.03,-2.5,-0.3
407566.0,2.21,-0.51,2.77,0.04,-2.37,-0.38
407579.0,2.0,-0.38,-0.51,0.57,-1.32,-0.28
407592.0,1.89,1.49,-3.17,0.77,-0.5,-0.12
407605.0,2.29,1.59,-2.92,0.58,0.92,0.07
407618.0,2.6,1.3,-1.71,0.46,1.41,0.02
407631.0,2.18,1.34,0.63,-0.09,1.76,-0.33
407645.0,1.56,0.87,6.21,-0.47,1.69,-0.46
407658.0,0.56,-0.04,8.33,-1.1,1.21,-0.66
407671.0,-1.64,-2.07,13.52,-1.16,0.91,-0.62
407684.0,-2.18,-2.23,16.43,-1.17,0.32,-0.23
407697.0,-2.46,-1.18,18.78,-1.31,0.07,0.05
407710.0,-1.72,-0.3,18.61,-1.2,-0.32,0.35
407723.0,0.29,1.55,17.04,-1.11,-0.49,0.24
407736.0,2.21,1.64,14.16,0.43,-0.68,0.18
407749.0,1.08,-0.49,11.13,1.02,-0.59,0.18
407762.0,-0.11,1.06,9.39,1.83,-0.61,-0.28
407775.0,0.42,0.12,7.63,1.58,-0.35,-0.29
407788.0,0.26,-0.05,8.14,1.2,-0.19,-0.16
407801.0,0.01,1.44,8.21,1.07,0.52,-0.06
407814.0,-0.25,1.31,8.1,0.48,0.84,0.0
407827.0,-1.43,0.64,7.34,0.0,1.29,0.11
407840.0,-1.79,0.62,6.66,-0.04,1.34,0.15
407853.0,-1.81,0.22,6.32,-0.07,1.1,0.28
407866.0,-1.69,0.48,6.43,-0.04,0.87,0.34
407879.0,-1.47,0.7,7.0,0.01,0.23,0.53
407893.0,-0.73,1.31,8.46,0.14,-0.12,0.6
407906.0,-0.24,1.65,9.37,0.35,-0.66,0.68
407919.0,0.93,2.56,10.82,0.3,-0.79,0.69
407932.0,1.21,2.84,11.49,0.01,-0.78,0.62
407945.0,1.15,2.59,12.34,-0.01,-0.57,0.52
407958.0,1.07,2.49,12.16,0.03,0.02,0.23
407971.0,0.61,1.82,11.25,-0.08,0.29,0.1
407984.0,0.5,1.27,10.69,-0.3,0.62,0.04
407997.0,0.0,0.35,9.39,-0.36,0.65,0.06
408010.0,-0.24,0.08,8.84,-0.25,0.47,0.2
408023.0,-0.53,-0.09,8.26,-0.17,0.28,0.25
408036.0,-0.57,-0.08,8.36,-0.05,-0.07,0.3
408049.0,-0.36,-0.03,8.85,-0.02,-0.18,0.32
408062.0,-0.32,0.03,9.05,-0.01,-0.3,0.35
408075.0,-0.14,0.23,9.51,-0.06,-0.28,0.34
408088.0,-0.02,0.15,9.67,-0.22,-0.19,0.32
408101.0,-0.22,0.09,10.24,-0.29,-0.14,0.29
408114.0,-0.18,-0.01,10.47,-0.38,-0.04,0.27
408127.0,-0.12,-0.05,10.76,-0.42,-0.01,0.29
408141.0,-0.15,-0.24,10.76,-0.44,0.0,0.33
408154.0,0.19,-0.15,10.56,-0.4,0.0,0.45
408167.0,0.41,0.02,10.39,-0.44,0.03,0.53
408180.0,0.41,0.34,10.21,-0.52,0.12,0.62
408193.0,0.32,0.54,10.01,-0.51,0.15,0.62
408206.0,0.17,0.61,10.15,-0.43,0.07,0.51
408219.0,0.17,0.45,10.19,-0.35,0.01,0.44
408232.0,0.06,0.22,10.6,-0.22,-0.05,0.35
408245.0,0.08,-0.42,11.44,-0.25,-0.26,0.36
408258.0,0.7,-0.58,11.26,0.25,-0.72,0.55
408271.0,0.98,1.01,11.61,0.23,-0.53,0.62
408284.0,1.42,0.88,11.6,-0.08,0.18,0.46
408297.0,1.37,1.2,10.94,-0.19,0.41,0.41
408310.0,0.88,1.18,10.44,-0.31,0.57,0.29
408323.0,0.21,0.59,9.52,-0.3,0.55,0.18
408336.0,0.23,0.22,9.22,-0.14,0.33,0.08
408349.0,0.25,-0.52,9.03,-0.09,0.19,0.1
408362.0,0.25,-0.62,9.01,0.03,-0.03,0.27
408375.0,0.56,-0.24,9.23,0.04,-0.11,0.35
408388.0,0.67,0.25,9.25,0.04,-0.21,0.44
408402.0,0.44,0.77,9.37,0.02,-0.23,0.4
408415.0,0.36,0.72,9.41,0.05,-0.26,0.23
408428.0,0.35,0.35,9.57,0.06,-0.25,0.15
408441.0,0.35,-0.04,9.59,-0.01,-0.15,0.1
408454.0,0.35,-0.2,9.63,-0.07,-0.09,0.11
408467.0,0.25,-0.26,9.53,-0.15,-0.05,0.14
408480.0,-0.29,-0.53,10.92,-0.19,-0.29,0.16
408493.0,0.02,-0.56,10.97,0.5,-0.66,0.24
408506.0,0.57,0.56,10.65,0.4,-0.54,0.24
408519.0,0.95,0.26,10.58,0.19,-0.34,0.24
408532.0,1.1,0.6,10.01,0.03,0.08,0.11
408545.0,0.91,0.5,9.49,-0.08,0.19,0.07
408558.0,0.53,-0.23,9.31,-0.08,-0.1,-0.02
408571.0,0.51,-0.4,9.46,0.14,-0.33,-0.04
408584.0,0.84,-0.24,9.86,0.32,-0.38,-0.07
408597.0,1.09,-0.37,9.95,0.18,-0.25,-0.09
408610.0,1.06,-0.38,10.04,0.01,-0.19,-0.02
408623.0,0.91,-0.14,10.07,0.08,-0.21,0.04
408636.0,0.81,0.21,10.0,0.05,-0.2,0.06
408650.0,0.53,0.32,10.11,-0.01,-0.17,0.03
408663.0,0.41,0.13,10.28,0.05,-0.15,-0.05
408676.0,0.51,-0.08,10.46,0.12,-0.13,-0.07
408689.0,0.5,-0.11,10.34,0.16,-0.06,-0.04
408702.0,0.81,-0.07,10.01,0.09,-0.0,-0.0
408715.0,0.71,-0.06,9.88,-0.05,0.03,0.07
408728.0,0.49,0.11,9.42,-0.06,0.01,0.1
408741.0,0.51,0.11,9.36,-0.03,-0.08,0.1
408754.0,0.62,0.15,9.39,-0.02,-0.13,0.09
408767.0,0.86,0.21,9.47,0.03,-0.22,0.1
408780.0,1.09,0.34,9.85,0.03,-0.25,0.1
408793.0,1.26,0.34,10.01,0.08,-0.28,0.06
408806.0,1.5,0.54,10.22,0.1,-0.27,0.02
408819.0,1.65,0.45,10.44,0.13,-0.21,-0.06
408832.0,1.55,0.28,10.72,0.14,-0.14,-0.12
408845.0,1.55,0.13,10.84,0.1,0.04,-0.2
408858.0,1.82,-0.02,11.27,0.09,0.15,-0.22
408871.0,2.1,-0.11,11.42,0.05,0.39,-0.24
408884.0,2.5,0.04,11.27,0.02,0.53,-0.25
408898.0,2.59,0.01,10.9,-0.02,0.66,-0.25
408911.0,2.82,0.26,9.69,0.07,0.68,-0.28
408924.0,2.81,0.44,9.52,0.14,0.56,-0.32
408937.0,2.83,0.32,9.62,0.3,0.11,-0.5
408950.0,3.12,0.28,9.58,0.44,-0.15,-0.61
408963.0,3.44,0.51,10.34,0.65,-0.63,-0.73
408976.0,3.28,0.48,11.06,0.68,-0.81,-0.8
408989.0,2.99,0.49,12.05,0.88,-0.95,-0.98
409002.0,2.82,0.6,13.87,0.98,-0.88,-1.09
409015.0,2.43,0.59,14.46,0.84,-0.38,-1.3
409028.0,1.01,0.14,14.08,0.6,0.01,-1.35
409041.0,-0.22,-0.47,13.03,0.18,0.86,-1.3
409054.0,-2.79,-2.01,8.94,-0.03,1.26,-1.21
409067.0,-4.18,-2.74,6.35,-0.52,1.76,-0.86
409080.0,-5.6,-3.64,2.34,-0.68,1.7,-0.54
409093.0,-5.53,-3.44,0.77,-0.57,1.09,0.18
409106.0,-3.52,-1.91,-0.91,-0.61,0.63,0.52
409119.0,-2.31,-0.75,-0.68,-0.75,-0.52,1.0
409132.0,0.22,1.86,2.75,-0.71,-1.08,1.08
409146.0,1.12,3.0,5.53,-0.57,-2.04,0.91
409159.0,1.93,3.49,11.9,-0.35,-2.32,0.68
409172.0,2.44,3.71,14.7,-0.35,-2.28,0.12
409185.0,3.59,3.32,18.96,-0.39,-2.06,-0.06
409198.0,4.27,3.0,20.03,-0.02,-1.39,-0.23
409211.0,5.31,2.73,20.69,0.28,-0.95,-0.29
409224.0,5.16,2.76,20.21,0.79,0.03,-0.53
409237.0,4.16,2.7,18.09,0.84,0.46,-0.71
409250.0,3.37,2.09,16.28,0.79,0.79,-0.88
409263.0,1.65,0.71,10.32,0.93,1.55,-1.06
409276.0,0.54,0.24,6.95,0.75,1.91,-1.04
409289.0,-1.25,-1.16,0.91,0.27,2.25,-0.75
409302.0,-1.86,-1.54,-1.29,0.08,2.23,-0.62
409315.0,-2.49,-1.56,-3.63,-0.29,1.69,-0.28
409328.0,-2.17,-1.35,-3.52,-0.61,1.25,-0.11
409341.0,-1.28,-0.28,-0.31,-1.0,0.04,0.18
409354.0,-0.91,0.5,2.44,-0.89,-0.6,0.24
409367.0,-0.64,1.06,5.65,-0.83,-1.63,0.1
409380.0,-0.03,1.62,14.41,-0.79,-1.89,-0.05
409393.0,1.2,1.33,15.95,-0.78,-1.68,-0.31
409407.0,2.43,1.53,19.84,-0.52,-1.27,-0.36
409420.0,2.76,1.6,20.26,-0.5,-0.01,-0.41
409433.0,3.27,1.46,19.35,-0.44,0.67,-0.4
409446.0,2.71,1.33,18.06,-0.39,1.5,-0.35
409459.0,1.32,0.92,14.9,-0.29,1.61,-0.39
409472.0,0.92,-0.91,9.85,3.2,0.55,-0.74
409485.0,1.13,1.22,7.83,1.02,-0.23,-1.09
409498.0,0.91,-1.01,9.56,0.63,-0.84,-1.1
409511.0,0.17,-1.21,10.82,1.34,-1.09,-0.92
409524.0,0.2,-5.57,10.76,1.23,-1.29,0.17
409537.0,1.76,0.91,14.28,1.76,-1.09,0.12
409550.0,2.46,1.8,15.37,1.03,-0.31,0.18
409563.0,2.97,2.55,14.28,0.59,0.19,0.0
409576.0,2.45,1.47,12.48,0.08,0.99,-0.11
409589.0,1.41,0.89,7.24,-0.05,1.26,-0.14
409602.0,0.91,0.8,5.07,-0.14,1.45,-0.4
409615.0,-0.06,-0.13,1.86,-0.23,1.43,-0.54
409628.0,-0.44,-0.81,0.73,-0.35,1.33,-0.64
409641.0,-0.81,-1.55,-0.3,-0.45,0.8,-0.61
409655.0,-0.48,-1.42,-0.02,-0.49,0.43,-0.51
409668.0,-0.07,-2.15,2.86,-0.72,-0.3,-0.22
409681.0,-0.07,-2.25,5.18,-0.8,-0.59,0.04
409694.0,-0.48,-1.86,9.04,-1.02,-1.09,0.62
409707.0,-0.06,-0.53,11.51,-0.64,-1.32,0.86
409720.0,0.52,1.62,13.78,-0.2,-1.48,0.92
409733.0,1.07,1.88,17.6,-0.48,-1.4,0.71
409746.0,1.64,1.05,19.97,0.1,-0.62,0.61
409759.0,1.65,4.12,19.97,0.46,-0.2,0.44
409772.0,1.64,4.12,17.66,0.33,0.23,-0.3
409785.0,1.68,2.47,15.45,0.61,0.42,-0.49
409798.0,1.7,1.62,13.35,0.63,0.59,-0.51
409811.0,1.49,0.38,8.97,0.7,0.68,-0.37
409824.0,1.05,0.54,3.68,-0.43,0.42,0.1
409837.0,0.29,-1.18,-4.27,-0.84,-0.21,0.23
409850.0,0.27,-1.05,0.07,1.17,-0.49,0.24
409863.0,-0.47,0.86,2.8,0.18,-0.29,0.17
409876.0,1.63,2.31,11.21,-2.44,0.96,0.1
409889.0,0.68,0.44,6.74,-0.92,0.95,0.25
409903.0,3.02,-2.09,13.91,-1.46,1.91,0.49
409916.0,1.45,4.69,8.83,-0.54,1.93,0.42
409929.0,1.51,1.98,10.5,-0.9,0.86,-0.11
409942.0,0.1,-0.33,11.9,-0.45,0.25,-0.08
409955.0,-0.5,-1.07,10.75,0.97,-0.86,-0.06
409968.0,-0.24,-0.24,16.04,0.35,-0.99,0.04
409981.0,-0.08,0.99,16.84,0.92,-1.14,0.04
409994.0,-0.26,0.51,16.51,-0.05,-1.06,0.12
410007.0,0.14,-0.11,16.33,-0.09,-1.02,0.12
410020.0,0.79,-0.48,15.61,0.19,-0.83,0.07
410033.0,0.92,-0.45,14.79,0.53,-0.69,0.02
410046.0,1.19,0.44,11.59,1.03,-0.31,-0.08
410059.0,0.82,0.72,9.64,1.05,-0.01,-0.1
410072.0,-0.49,-0.27,3.47,0.52,0.53,-0.13
410085.0,-0.43,-0.47,0.62,0.26,0.66,-0.07
410098.0,-0.15,-0.4,-1.57,-0.15,0.68,0.01
410111.0,0.53,-0.78,-2.73,-0.25,0.59,0.06
410124.0,0.85,-0.67,-2.3,-0.07,0.24,0.06
410137.0,1.11,-0.17,0.9,0.01,0.03,0.01
410151.0,0.97,0.0,3.6,-0.59,-0.16,-0.08
410164.0,0.29,0.55,9.65,-1.28,-0.09,-0.18
410177.0,-0.27,0.16,12.4,-1.96,0.22,-0.34
410190.0,-0.76,-0.25,16.98,-1.63,0.28,-0.38
410203.0,-0.91,-0.69,18.61,-0.33,0.24,-0.33
410216.0,-0.62,-0.45,20.44,0.35,0.16,-0.26
410229.0,0.0,0.17,21.15,0.91,-0.05,-0.05
410242.0,1.28,1.32,20.14,0.77,-0.16,0.04
410255.0,2.37,1.75,18.22,0.56,-0.47,0.06
410268.0,2.39,2.2,12.94,0.31,-0.8,0.0
410281.0,1.7,1.55,10.01,0.09,-1.41,-0.1
410294.0,0.75,0.0,4.37,0.06,-1.48,-0.13
410307.0,0.38,-0.68,1.81,-0.03,-1.06,0.04
410320.0,0.08,-0.53,-0.99,0.04,-0.6,0.18
410333.0,0.65,-0.17,-1.03,-0.33,0.25,0.26
410346.0,1.63,-0.09,0.75,-0.64,0.65,0.22
410359.0,1.67,-0.42,2.33,-0.88,0.99,0.15
410372.0,0.22,-0.44,6.61,-1.36,1.49,-0.1
410385.0,0.03,-2.26,8.9,-1.14,1.62,-0.35
410399.0,-0.42,-1.94,14.54,-0.57,1.65,-0.54
410412.0,1.59,-2.86,20.8,-0.41,1.55,-0.46
410425.0,-1.54,0.41,20.51,0.85,2.19,-0.35
410438.0,-3.19,0.37,16.96,1.09,1.64,-0.36
410451.0,-0.78,0.13,17.2,0.64,-0.27,-0.03
410464.0,0.15,1.92,17.78,0.82,-0.97,0.16
410477.0,0.49,2.52,16.46,1.02,-2.08,0.25
410490.0,2.36,1.26,14.55,0.84,-2.38,0.21
410503.0,2.9,1.89,14.73,1.59,-2.36,0.05
410516.0,2.58,1.08,10.74,1.78,-1.92,0.07
410529.0,1.28,-0.33,7.51,0.51,-0.67,0.42
410542.0,-0.34,-1.92,2.18,0.07,-0.03,0.88
410555.0,-0.73,-0.11,0.47,0.23,1.5,0.73
410568.0,-0.2,0.62,-0.91,-0.01,1.95,0.45
410581.0,-0.43,1.01,-0.93,-0.5,2.36,0.11
410594.0,-0.65,0.52,-3.18,-1.54,1.96,-0.07
410607.0,1.08,-2.15,4.7,1.36,1.31,-0.21
410620.0,-0.2,3.24,9.44,3.22,1.31,0.14
410633.0,-0.65,1.65,12.84,-0.28,0.39,0.3
410646.0,-1.74,3.26,23.34,-0.82,0.48,0.1
410660.0,-4.0,2.94,22.36,0.73,-0.14,-0.09
410673.0,-2.82,1.85,24.38,0.49,-0.46,-0.12
410686.0,-1.62,0.35,20.99,0.95,-0.69,0.23
410699.0,-0.22,-0.09,16.04,1.44,-0.95,0.37
410712.0,0.59,0.78,14.46,1.45,-1.24,0.53
410725.0,1.63,1.48,7.63,0.99,-1.15,0.43
410738.0,2.15,2.21,4.13,1.14,-0.97,0.22
410751.0,2.14,2.44,-2.25,0.99,-0.21,-0.33
410764.0,1.73,2.0,-4.9,0.66,0.27,-0.59
410777.0,1.87,0.43,-7.23,-0.21,0.92,-0.85
410790.0,2.26,0.37,-7.34,-0.64,0.98,-0.88
410803.0,3.91,0.51,-3.0,-1.44,0.82,-0.87
410816.0,3.29,0.28,0.42,-1.71,0.68,-0.88
410829.0,2.18,0.16,4.06,-1.8,0.23,-0.86
410842.0,-0.07,-1.3,11.7,-1.55,0.03,-0.82
410855.0,-1.65,-1.64,16.3,-0.64,-0.19,-0.39
410868.0,-2.34,0.89,25.03,-0.56,-0.07,-0.09
410881.0,-3.34,1.97,27.86,-2.0,0.48,0.05
410894.0,-6.08,-1.56,26.82,-1.57,0.68,0.11
410908.0,-4.89,-0.61,22.8,0.23,0.09,0.07
410921.0,-0.71,2.27,18.61,0.76,-0.22,-0.08
410934.0,0.73,2.41,16.06,1.31,-0.89,-0.47
410947.0,1.74,1.89,10.37,1.84,-1.23,-0.65
410960.0,1.79,1.49,8.3,2.21,-1.56,-0.74
410973.0,1.18,1.02,1.07,1.88,-1.44,-0.65
410986.0,0.84,0.89,-1.4,0.89,-0.8,-0.26
410999.0,-0.11,0.04,-5.56,0.53,-0.38,-0.16
411012.0,0.36,0.23,-5.7,-0.27,0.39,-0.2
411025.0,2.13,0.27,-2.78,-0.7,0.55,-0.28
411038.0,2.57,-0.06,0.13,-1.02,0.84,-0.33
411051.0,1.64,1.13,7.71,-1.5,1.06,-0.41
411064.0,0.5,0.79,11.9,-1.95,1.47,-0.56
411077.0,-2.35,-1.52,19.77,-1.37,1.62,-0.5
411090.0,-3.49,-1.73,23.06,-0.56,1.71,-0.27
411103.0,-3.56,-0.53,26.76,0.35,1.88,0.32
411116.0,-3.54,0.78,24.89,0.53,1.92,0.58
411129.0,-2.77,2.21,20.0,0.33,1.64,0.74
411142.0,-2.25,4.36,18.33,0.53,1.12,0.67
411156.0,0.29,4.18,11.31,0.83,-0.48,0.26
411169.0,0.71,3.18,8.77,0.84,-1.33,-0.01
411182.0,1.23,0.31,3.33,0.78,-2.85,-0.12
411195.0,1.14,-1.12,-0.2,0.8,-3.25,-0.06
411208.0,0.63,-1.44,-3.69,0.97,-2.72,-0.05
411221.0,0.28,-0.57,-7.47,0.96,-1.81,-0.06
411234.0,0.42,-0.23,-6.87,0.59,0.43,-0.18
411247.0,0.67,-0.04,-1.31,0.54,1.41,-0.37
411260.0,0.45,0.34,4.5,-0.17,1.87,-0.74
411273.0,-0.04,0.89,9.18,-0.59,1.94,-0.83
411286.0,-0.18,1.18,11.46,-1.51,2.17,-1.08
411299.0,-3.31,2.0,18.95,-1.43,1.96,-1.06
411312.0,-4.3,1.72,22.17,-0.34,1.18,-0.72
411325.0,-4.72,2.04,25.66,0.1,0.9,-0.43
411338.0,-4.27,2.55,26.86,0.43,0.52,0.0
411351.0,-3.6,3.04,22.95,0.6,0.22,0.23
411364.0,-3.12,3.08,20.59,0.77,-0.49,0.39
411377.0,-2.12,2.59,16.09,0.91,-0.85,0.36
411391.0,-1.66,2.19,14.12,0.96,-1.55,0.43
411404.0,0.09,1.4,9.0,0.93,-1.78,0.49
411417.0,0.61,1.61,5.41,0.53,-1.83,0.47
411430.0,1.07,0.51,-2.63,0.29,-1.62,0.44
411443.0,1.16,0.13,-5.87,0.14,-0.82,0.36
411456.0,1.41,-0.09,-7.8,0.15,-0.38,0.33
411469.0,1.43,-0.44,-6.97,0.12,0.01,0.27
411482.0,1.3,-1.17,-2.9,-0.04,0.6,0.08
411495.0,0.98,-1.09,-0.36,-0.23,0.69,-0.05
411508.0,0.03,0.18,5.48,-1.23,0.98,-0.37
411521.0,-0.99,1.02,8.65,-1.81,1.11,-0.58
411534.0,-3.04,0.98,16.66,-1.47,1.21,-0.98
411547.0,-3.67,0.57,20.98,-0.75,1.23,-1.02
411560.0,-4.22,0.65,26.85,0.27,1.25,-0.59
411573.0,-4.18,1.32,27.03,0.37,1.24,-0.2
411586.0,-4.46,2.09,25.89,0.35,0.79,0.5
411599.0,-3.87,4.51,22.58,0.54,0.31,0.68
411612.0,-3.31,4.76,20.16,0.64,-0.9,0.65
411625.0,-2.23,3.64,14.51,0.4,-1.54,0.52
411638.0,-1.45,2.22,10.62,-0.34,-2.53,0.24
411652.0,0.23,0.11,1.37,-0.65,-2.79,0.12
411665.0,0.73,-1.07,-3.48,-0.58,-2.37,0.09
411678.0,1.29,-0.48,-9.94,-0.35,-1.8,0.17
411691.0,2.13,0.37,-10.11,-0.03,-0.45,0.52
411704.0,2.59,0.97,-7.77,0.02,0.2,0.59
411717.0,2.44,0.93,-5.43,-0.11,1.42,0.18
411730.0,0.52,1.2,3.69,-0.35,1.68,-0.21
411743.0,-0.06,1.27,7.63,-1.35,1.73,-0.89
411756.0,-1.56,0.75,14.22,-1.85,1.83,-1.06
411769.0,-2.5,-0.22,18.0,-0.91,1.66,-0.95
411782.0,-3.53,-1.49,25.1,0.11,1.43,-0.66
411795.0,-3.77,-1.45,26.86,0.94,1.1,0.19
411808.0,-4.1,0.2,24.78,0.75,0.88,0.54
411821.0,-3.53,3.11,23.89,0.48,0.08,0.99
411834.0,-1.39,5.27,20.38,0.53,-0.48,0.95
411847.0,-1.28,4.39,17.2,0.57,-1.09,0.8
411860.0,-0.41,2.31,10.97,0.22,-2.16,0.48
411873.0,-0.2,1.36,7.18,-0.1,-2.5,0.37
411886.0,-0.22,-1.79,-0.77,-0.42,-2.52,0.2
411900.0,-0.02,-1.7,-3.49,-0.2,-2.19,0.11
411913.0,0.7,-0.07,-4.68,0.08,-1.04,0.14
411926.0,0.85,0.18,-4.38,0.01,-0.4,0.2
411939.0,0.67,-0.01,-3.81,-0.16,0.78,0.08
411952.0,0.68,-0.11,-0.29,-0.2,1.22,-0.12
411965.0,0.39,0.06,2.4,-0.58,1.6,-0.57
411978.0,-0.34,0.53,8.11,-0.93,1.71,-0.77
411991.0,-1.05,-0.01,11.67,-1.04,1.74,-0.97
412004.0,-2.99,-0.3,19.11,-0.67,1.69,-0.96
412017.0,-3.32,-0.88,22.75,0.23,1.59,-0.52
412030.0,-3.36,0.25,25.92,0.5,1.55,-0.19
412043.0,-3.61,1.74,25.65,0.75,1.09,0.39
412056.0,-3.02,4.08,22.44,0.63,0.69,0.63
412069.0,-2.39,4.69,20.2,0.79,-0.47,0.65
412082.0,-1.45,3.76,16.38,0.69,-1.04,0.56
412095.0,-1.05,2.66,14.17,0.31,-2.0,0.44
412108.0,0.57,0.19,8.71,0.12,-2.35,0.41
412121.0,0.83,-0.48,5.74,0.0,-2.65,0.33
412134.0,1.36,-0.82,-0.39,0.18,-2.58,0.28
412148.0,1.36,0.12,-3.48,0.32,-1.85,0.38
412161.0,1.09,1.05,-6.91,0.36,-1.26,0.47
412174.0,0.98,1.27,-7.09,0.45,0.08,0.42
412187.0,1.5,0.28,-5.08,0.42,0.81,0.25
412200.0,1.03,-0.14,-2.09,0.32,1.49,-0.06
412213.0,-0.87,-0.08,4.77,-0.18,1.98,-0.69
412226.0,-1.67,-0.06,8.27,-0.8,2.09,-0.94
412239.0,-3.21,-0.2,17.21,-0.89,2.19,-1.24
412252.0,-4.61,0.05,21.19,-0.05,2.12,-1.26
412265.0,-4.15,0.72,26.96,1.25,1.57,-0.83
412278.0,-3.4,2.2,27.32,1.07,1.2,-0.46
412291.0,-3.74,3.85,24.75,0.35,0.18,0.26
412304.0,-2.32,4.58,22.54,0.43,-0.48,0.45
412317.0,-1.81,4.53,19.95,0.54,-1.71,0.44
412330.0,-0.71,2.8,13.99,0.33,-2.24,0.41
412343.0,0.06,1.02,10.14,-0.32,-3.04,0.38
412356.0,0.86,-1.56,1.96,-0.38,-3.17,0.34
412369.0,0.77,-1.69,-2.19,-0.04,-2.57,0.24
412382.0,0.75,0.59,-6.06,0.05,-1.95,0.36
412396.0,0.65,0.98,-6.54,-0.01,-0.51,0.51
412409.0,0.8,1.5,-6.18,-0.09,0.18,0.45
412422.0,1.39,1.43,-4.34,-0.21,1.4,-0.08
412435.0,0.75,1.67,2.63,-0.47,1.66,-0.45
412448.0,0.53,1.33,6.4,-1.58,1.91,-1.05
412461.0,-0.6,0.33,13.41,-1.95,1.94,-1.26
412474.0,-1.53,-0.71,16.86,-0.82,1.74,-1.28
412487.0,-3.52,-3.24,23.53,0.21,1.53,-0.95
412500.0,-3.34,-2.44,25.7,0.87,1.23,0.0
412513.0,-3.5,0.89,25.68,0.64,1.01,0.45
412526.0,-2.89,2.71,23.51,0.29,0.12,0.85
412539.0,-1.1,4.64,18.74,0.39,-0.46,0.79
412552.0,-0.76,4.05,16.52,0.7,-1.5,0.35
412565.0,-0.04,1.58,10.87,0.72,-1.86,0.22
412578.0,0.35,0.59,7.99,0.64,-2.08,0.16
412591.0,1.26,-0.42,1.95,0.45,-2.07,0.22
412604.0,1.22,0.19,-1.07,0.44,-1.77,0.24
412617.0,1.69,1.5,-4.85,0.37,-0.65,0.27
412630.0,1.72,1.82,-5.51,0.28,0.04,0.22
412643.0,2.07,1.75,-2.44,0.24,1.25,-0.14
412657.0,1.83,1.54,0.06,0.04,1.39,-0.35
412670.0,1.15,0.04,5.86,-0.7,1.51,-0.74
412683.0,-0.1,-0.07,9.74,-1.1,1.49,-0.9
412696.0,-1.66,-0.36,13.3,-1.14,1.03,-0.98
412709.0,-3.78,-0.65,20.1,-0.66,0.71,-0.86
412722.0,-4.31,-0.04,23.23,0.28,0.34,-0.42
412735.0,-3.34,1.58,25.63,0.46,0.3,-0.16
412748.0,-2.77,2.19,24.07,0.34,0.25,0.12
412761.0,-2.01,3.87,20.59,0.42,-0.13,0.13
412774.0,-1.5,3.79,18.04,0.57,-1.11,-0.03
412787.0,-0.53,1.82,11.77,0.6,-1.54,-0.09
412800.0,0.07,0.53,7.83,0.66,-1.97,-0.21
412813.0,1.57,0.08,0.53,0.56,-1.94,-0.17
412826.0,1.9,0.19,-2.75,0.25,-1.2,0.01
412839.0,2.21,1.47,-7.18,0.15,-0.62,0.04
412852.0,2.53,1.85,-7.99,-0.12,0.55,0.09
412865.0,2.6,1.54,-5.65,-0.15,0.99,0.02
412878.0,2.33,1.27,-2.08,-0.53,1.08,-0.21
412891.0,1.16,0.49,2.91,-1.01,1.1,-0.32
412905.0,-0.01,-0.0,6.75,-1.95,1.04,-0.61
412918.0,-3.04,-0.45,15.53,-1.76,0.93,-0.67
412931.0,-3.95,-1.14,19.55,-0.32,0.82,-0.53
412944.0,-4.73,-1.28,27.11,0.37,0.86,-0.3
412957.0,-4.14,-0.11,28.64,0.66,0.97,-0.0
412970.0,-3.22,2.77,25.72,0.45,1.0,0.5
412983.0,-2.76,3.95,22.73,0.38,0.81,0.59
412996.0,-1.75,4.48,17.82,0.64,-0.4,0.38
413009.0,-0.86,3.51,15.36,0.77,-1.13,0.23
413022.0,0.2,0.86,9.31,0.7,-2.17,0.14
413035.0,1.23,-0.11,5.79,0.49,-2.42,0.14
413048.0,1.34,-0.45,2.21,0.09,-2.38,0.31
413061.0,1.26,-0.44,-4.74,0.08,-1.94,0.36
413074.0,1.38,0.6,-6.46,0.11,-0.53,0.39
413087.0,2.05,1.88,-6.81,0.08,0.2,0.38
413100.0,2.42,1.77,-5.8,0.11,1.4,-0.02
413113.0,1.54,1.58,1.17,-0.14,1.5,-0.31
413126.0,1.26,1.08,3.58,-1.2,1.31,-0.72
413139.0,-0.85,-0.06,10.49,-1.66,1.3,-0.89
413153.0,-2.67,-0.49,14.98,-0.95,1.1,-0.88
413166.0,-4.1,-1.87,23.25,-0.16,1.03,-0.66
413179.0,-4.21,-1.32,25.8,0.98,0.96,0.06
413192.0,-3.6,1.41,25.66,0.92,0.91,0.42
413205.0,-3.29,3.03,24.44,0.4,0.46,0.81
413218.0,-1.76,5.14,19.69,0.29,-0.05,0.78
413231.0,-0.73,5.1,17.14,0.31,-1.22,0.43
413244.0,0.14,2.77,11.95,0.35,-1.76,0.27
413257.0,0.93,1.45,8.88,0.22,-2.45,0.1
413270.0,1.94,-0.6,1.69,0.08,-2.48,0.1
413283.0,1.95,-1.84,-1.98,0.43,-1.62,0.19
413296.0,2.26,-0.28,-5.45,0.64,-0.81,0.26
413309.0,2.36,0.06,-5.68,0.56,0.05,0.39
413322.0,1.75,-0.03,-3.35,0.43,1.61,0.42
413335.0,1.71,0.53,0.15,0.29,2.0,0.25
413348.0,0.86,1.69,5.79,-0.39,1.94,-0.13
413361.0,0.12,1.76,8.45,-0.82,1.77,-0.37
413374.0,-2.69,1.24,14.8,-1.46,1.21,-0.7
413387.0,-3.18,0.75,18.73,-1.39,0.91,-0.71
413401.0,-3.91,0.93,24.46,-0.53,0.5,-0.51
413414.0,-3.59,1.38,25.17,-0.11,0.39,-0.28
413427.0,-3.14,1.63,24.72,0.34,0.17,0.14
413440.0,-2.14,2.26,21.01,0.4,-0.04,0.24
413453.0,-1.16,1.85,18.06,0.41,-0.72,0.23
413466.0,-0.14,0.19,12.9,0.34,-1.12,0.12
413479.0,0.08,0.03,10.53,0.04,-1.95,-0.04
413492.0,1.16,0.35,4.51,-0.28,-2.2,-0.1
413505.0,1.55,0.36,0.84,-0.45,-2.04,-0.16
413518.0,1.33,0.53,-4.87,-0.2,-1.57,-0.21
413531.0,1.31,0.85,-6.08,0.21,-0.22,-0.16
413544.0,1.88,1.13,-4.81,0.23,0.46,-0.12
413557.0,1.58,0.77,-3.03,0.22,1.55,-0.29
413570.0,0.59,1.12,3.1,0.09,1.8,-0.46
413583.0,0.07,1.33,7.86,-0.89,1.39,-0.65
413596.0,-1.77,0.27,13.98,-1.42,1.25,-0.67
413609.0,-2.74,-0.27,16.9,-0.98,0.98,-0.48
413622.0,-3.85,-0.76,23.48,-0.18,0.84,-0.31
413635.0,-3.76,-0.4,25.16,0.9,0.57,0.15
413648.0,-3.14,1.11,24.3,0.93,0.42,0.34
413662.0,-2.47,2.5,22.37,0.61,0.01,0.54
413675.0,-1.38,3.72,17.9,0.49,-0.42,0.5
413688.0,-0.56,3.5,15.77,0.38,-0.85,0.38
413701.0,0.41,1.27,9.14,0.24,-1.92,0.33
413714.0,0.79,-0.28,5.42,-0.05,-2.29,0.39
413727.0,0.68,-1.48,-2.09,-0.28,-2.34,0.38
413740.0,1.04,-0.68,-4.22,-0.25,-1.96,0.35
413753.0,1.52,2.24,-5.25,-0.27,-0.67,0.37
413766.0,1.53,2.72,-4.46,-0.34,0.03,0.38
413779.0,1.75,1.7,-0.37,-0.02,1.23,0.14
413792.0,1.02,1.47,2.41,0.17,1.68,-0.12
413805.0,0.68,1.48,5.79,0.02,1.9,-0.56
413818.0,-1.43,1.06,11.96,-0.11,1.85,-0.7
413831.0,-2.36,0.85,15.28,0.03,1.32,-0.72
413844.0,-2.46,-0.53,23.0,0.28,0.84,-0.44
413857.0,-2.26,-1.83,23.93,0.46,0.45,-0.33
413870.0,-2.07,0.48,22.02,0.37,0.32,-0.22
413883.0,-1.56,2.18,20.62,0.03,0.12,0.09
413896.0,-0.52,3.13,17.06,0.1,-0.14,0.15
413910.0,0.01,3.02,14.95,0.35,-0.73,0.12
413923.0,0.18,1.51,9.19,0.44,-0.92,0.12
413936.0,0.22,0.7,6.21,0.6,-0.92,0.05
413949.0,0.58,0.76,2.33,0.46,-0.81,0.02
413962.0,1.17,1.28,1.0,-0.21,-0.51,-0.01
413975.0,1.87,1.72,-1.35,-0.49,-0.3,-0.11
413988.0,1.81,2.51,-1.92,-0.8,0.25,-0.36
414001.0,1.25,2.77,-1.9,-0.73,0.62,-0.4
414014.0,0.79,1.98,-0.14,-0.34,1.1,-0.48
414027.0,-0.12,0.32,5.37,-0.09,1.19,-0.61
414040.0,-0.72,-0.17,9.18,-0.1,1.0,-0.8
414053.0,-1.66,-1.08,15.83,-0.34,0.95,-0.73
414066.0,-2.3,-1.75,19.02,-0.64,0.92,-0.57
414079.0,-2.89,-1.5,23.39,-0.38,0.78,-0.05
414092.0,-3.35,-0.93,23.5,0.07,0.66,0.2
414105.0,-3.79,0.17,22.36,0.87,0.45,0.68
414118.0,-3.29,1.11,21.06,1.02,0.27,0.82
414131.0,-3.15,2.57,17.59,0.8,-0.21,0.68
414144.0,-2.22,2.84,14.93,0.67,-0.56,0.49
414158.0,-1.08,2.41,12.11,0.44,-1.26,0.24
414171.0,0.21,1.0,6.16,0.4,-1.48,0.12
414184.0,0.73,0.25,2.43,0.49,-1.48,-0.11
414197.0,1.34,0.59,-2.9,0.57,-1.19,-0.2
414210.0,1.81,1.28,-4.05,0.5,-0.45,-0.24
414223.0,2.42,2.89,-4.52,0.34,-0.05,-0.22
414236.0,2.35,3.19,-3.64,0.14,0.65,-0.34
414249.0,1.17,3.15,1.51,0.1,0.88,-0.46
414262.0,-0.08,2.21,6.15,-0.6,0.76,-0.5
414275.0,-2.22,-0.86,15.06,-1.08,0.56,-0.42
414288.0,-2.82,-2.37,17.65,-0.69,0.73,0.06
414301.0,-3.16,-2.82,22.65,-0.17,0.98,0.39
414314.0,-3.88,-1.78,23.81,0.29,1.13,0.8
414327.0,-3.64,2.68,22.73,0.27,0.95,0.87
414340.0,-2.2,4.58,20.95,0.01,0.15,0.6
414353.0,-1.41,5.39,16.67,0.08,-0.37,0.34
414366.0,-0.72,4.89,15.4,0.26,-1.4,0.12
414379.0,0.06,2.37,10.34,0.37,-1.89,0.11
414392.0,0.74,1.47,7.1,0.28,-2.45,0.19
414406.0,1.77,0.54,0.56,0.16,-2.33,0.25
414419.0,1.76,0.25,-1.85,0.11,-1.93,0.16
414432.0,1.97,2.6,-4.92,0.19,-0.74,-0.09
414445.0,2.32,3.91,-5.3,0.15,-0.1,-0.09
414458.0,2.48,3.56,-3.23,0.14,1.05,-0.06
414471.0,2.34,2.82,-0.67,0.26,1.42,-0.14
414484.0,1.04,0.82,5.73,-0.23,1.33,-0.39
414497.0,0.0,0.15,8.9,-0.82,1.16,-0.44
414510.0,-2.36,-1.93,14.6,-1.5,0.87,-0.31
414523.0,-2.84,-3.13,18.5,-1.1,0.64,-0.13
414536.0,-3.55,-3.28,22.33,0.04,0.49,0.39
414549.0,-3.85,-1.64,25.31,0.28,0.65,0.65
414562.0,-4.3,0.04,24.01,0.37,0.73,0.8
414575.0,-2.51,4.02,20.6,0.43,0.59,0.68
414588.0,-2.83,5.15,17.88,0.43,-0.12,0.12
414601.0,-0.34,4.62,13.01,0.42,-0.6,-0.04
414614.0,0.09,3.05,10.1,0.35,-1.45,-0.23
414627.0,1.46,0.91,3.3,0.26,-1.76,-0.2
414640.0,1.52,0.48,-0.05,0.12,-1.62,-0.15
414654.0,1.9,1.71,-5.72,0.12,-1.22,-0.18
414667.0,2.19,3.26,-6.34,-0.13,-0.26,-0.25
414680.0,2.26,4.11,-5.21,-0.37,0.25,-0.25
414693.0,2.22,3.62,-3.0,-0.79,0.97,-0.51
414706.0,1.14,2.51,4.0,-1.11,0.67,-0.73
414719.0,1.17,1.48,6.1,-1.77,0.82,-0.99
414732.0,-0.75,-1.06,12.04,-1.74,0.95,-0.92
414745.0,-1.4,-2.36,15.45,-0.94,0.91,-0.52
414758.0,-3.02,-5.8,23.57,-0.32,0.87,-0.06
414771.0,-2.57,-5.6,25.83,0.04,1.06,0.9
414784.0,-4.35,-2.65,24.94,-0.02,1.1,1.24
414797.0,-4.39,0.01,23.44,0.04,1.03,1.49
414810.0,-2.65,4.16,19.54,0.14,0.45,1.39
414823.0,-2.32,4.24,17.21,0.15,0.0,1.03
414836.0,-1.54,2.3,12.25,0.68,-1.13,0.26
414849.0,-0.59,1.7,9.73,0.8,-1.63,-0.02
414862.0,0.49,-0.17,3.12,0.32,-2.14,-0.27
414875.0,0.67,-0.5,0.03,0.12,-2.11,-0.28
414888.0,1.23,0.02,-2.72,0.13,-1.44,-0.35
414901.0,1.74,2.09,-5.53,0.2,-0.86,-0.31
414915.0,2.23,2.74,-5.23,0.14,0.41,-0.16
414928.0,1.32,1.64,-1.6,0.1,0.99,-0.16
414941.0,0.67,-0.23,2.11,-0.21,1.62,-0.23
414954.0,-0.44,-2.29,10.81,-0.72,1.61,-0.19
414967.0,-0.73,-2.97,14.23,-1.23,1.88,0.18
414980.0,-2.32,-3.07,20.07,-0.88,1.9,0.47
414993.0,-3.64,-2.24,22.12,0.11,1.61,0.92
415006.0,-4.55,1.47,23.21,0.2,1.34,1.08
415019.0,-4.01,3.45,22.83,-0.13,0.45,1.01
415032.0,-2.05,5.33,20.85,-0.22,-0.08,0.77
415045.0,-1.59,4.45,18.35,0.25,-1.26,0.09
415058.0,-0.62,2.51,12.56,0.45,-1.67,-0.13
415071.0,-0.15,1.21,9.28,0.57,-2.15,-0.29
415084.0,1.2,-0.79,1.77,0.62,-2.12,-0.29
415097.0,1.36,-0.67,-1.13,0.6,-1.44,-0.18
415110.0,2.04,1.41,-4.46,0.5,-0.94,-0.11
415123.0,2.59,2.21,-4.66,0.16,0.15,0.05
415136.0,2.38,1.92,-3.24,0.08,0.59,0.04
415149.0,2.11,1.48,-1.3,-0.11,1.08,-0.18
415163.0,0.59,-0.22,4.85,-0.44,1.08,-0.32
415176.0,-0.51,-0.9,8.16,-0.98,1.06,-0.36
415189.0,-2.98,-2.76,15.09,-1.25,0.93,-0.28
415202.0,-3.86,-3.63,18.95,-0.63,0.84,-0.12
415215.0,-4.4,-3.05,24.89,0.56,0.85,0.34
415228.0,-4.72,-1.41,25.66,0.56,0.88,0.53
415241.0,-3.24,2.91,22.45,0.38,0.65,0.77
415254.0,-2.49,4.02,20.05,0.34,0.34,0.67
415267.0,-1.72,4.58,18.06,0.75,-0.74,0.05
415280.0,-0.5,3.31,13.7,0.84,-1.26,-0.16
415293.0,0.23,2.21,10.81,0.63,-1.95,-0.35
415306.0,1.18,0.39,4.13,0.45,-2.09,-0.34
415319.0,1.53,-0.31,0.69,0.23,-1.76,-0.28
415332.0,2.07,0.83,-3.72,0.23,-1.35,-0.26
415345.0,2.42,1.91,-4.22,0.09,-0.29,-0.14
415358.0,2.28,2.18,-4.01,-0.02,0.28,-0.09
415371.0,2.21,1.56,-2.37,-0.04,1.12,-0.28
415384.0,1.22,1.0,4.73,-0.17,1.11,-0.41
415397.0,0.42,0.48,7.76,-1.21,0.93,-0.48
415411.0,-2.01,-1.88,14.68,-1.45,1.01,-0.4
415424.0,-3.8,-2.98,18.39,-0.36,1.14,0.01
415437.0,-4.79,-3.92,26.36,0.48,1.23,0.26
415450.0,-4.98,-2.31,27.57,1.16,1.41,0.73
415463.0,-4.24,3.73,24.17,0.99,1.3,0.92
415476.0,-3.56,5.13,20.8,0.62,0.27,0.65
415489.0,-1.53,5.18,15.87,0.74,-0.47,0.27
415502.0,-0.95,4.77,13.69,0.8,-1.83,-0.3
415515.0,0.83,2.44,8.12,0.55,-2.39,-0.43
415528.0,1.57,1.56,4.25,0.27,-2.8,-0.46
415541.0,2.04,-0.34,-3.63,-0.1,-2.86,-0.47
415554.0,2.22,0.25,-6.35,0.05,-2.45,-0.43
415567.0,2.72,2.62,-6.99,0.18,-1.05,-0.15
415580.0,2.85,2.56,-5.94,0.0,-0.23,0.05
415593.0,2.13,1.52,-1.53,-0.05,1.26,0.1
415606.0,1.19,0.78,2.65,0.0,1.67,-0.08
415619.0,-0.11,0.03,9.31,-0.7,1.55,-0.39
415632.0,-1.15,-1.02,12.46,-1.4,1.61,-0.39
415645.0,-2.52,-2.05,15.44,-1.33,1.53,-0.1
415659.0,-4.78,-3.29,22.99,-0.48,1.41,0.09
415672.0,-4.83,-3.04,26.23,0.97,1.24,0.56
415685.0,-4.4,1.11,27.08,1.01,1.19,0.81
415698.0,-3.39,3.78,25.21,0.53,0.73,1.0
415711.0,-1.83,5.65,19.31,0.44,0.13,0.77
415724.0,-1.53,5.13,16.87,0.72,-1.23,0.08
415737.0,-0.2,3.25,12.7,0.58,-1.88,-0.09
415750.0,0.39,1.88,9.47,0.25,-2.82,-0.04
415763.0,1.34,-0.79,1.65,0.16,-2.95,0.03
415776.0,2.14,-0.7,-1.56,0.39,-2.53,-0.14
415789.0,2.26,2.51,-5.84,0.59,-1.96,-0.18
415802.0,3.12,4.53,-5.95,0.34,-0.64,0.08
415815.0,2.86,4.29,-5.53,0.19,0.06,0.12
415828.0,2.69,3.44,-4.66,0.3,1.34,-0.19
415841.0,1.88,1.87,1.32,0.36,1.65,-0.46
415854.0,0.98,1.16,4.83,-0.42,1.82,-0.84
415867.0,-1.08,-0.54,11.17,-1.17,1.77,-0.85
415880.0,-2.23,-2.22,14.65,-1.28,1.63,-0.5
415893.0,-4.07,-4.57,23.29,-0.46,1.53,-0.15
415906.0,-3.79,-3.7,26.08,0.36,1.45,0.2
415920.0,-4.52,0.82,25.24,0.83,1.3,0.75
415933.0,-3.9,3.53,22.87,0.75,1.1,0.92
415946.0,-1.42,6.59,18.05,0.58,0.22,0.7
415959.0,-1.16,6.33,16.11,0.59,-0.34,0.4
415972.0,-0.13,4.05,11.32,0.33,-1.43,-0.12
415985.0,0.51,3.24,8.54,-0.01,-1.86,-0.28
415998.0,1.24,1.89,4.96,-0.45,-2.23,-0.34
416011.0,1.87,0.54,-1.72,-0.45,-2.08,-0.38
416024.0,1.99,1.13,-4.01,-0.23,-1.34,-0.37
416037.0,2.11,3.19,-5.51,-0.14,-0.8,-0.24
416050.0,1.87,3.22,-5.31,-0.1,0.43,-0.1
416063.0,1.77,2.13,-1.55,-0.05,0.98,-0.14
416076.0,1.45,1.57,2.29,-0.15,1.23,-0.35
416089.0,0.47,0.06,8.42,-0.72,1.15,-0.41
416102.0,-0.05,-0.68,10.98,-1.89,1.13,-0.28
416115.0,-2.33,-1.81,16.59,-2.13,1.05,-0.17
416128.0,-3.13,-2.71,20.08,-1.33,0.81,0.15
416141.0,-3.69,-2.77,25.58,-0.53,0.79,0.33
416154.0,-3.68,-1.74,26.58,0.6,0.74,0.65
416168.0,-3.22,1.79,23.58,0.67,0.58,0.74
416181.0,-2.74,3.1,21.23,0.57,-0.13,0.56
416194.0,-1.49,3.68,16.56,0.55,-0.65,0.28
416207.0,-0.28,3.46,13.77,0.28,-1.59,0.04
416220.0,1.12,1.57,6.3,0.24,-1.82,-0.05
416233.0,1.23,1.39,2.39,0.42,-1.71,-0.29
416246.0,2.5,2.57,-2.97,0.52,-1.37,-0.34
416259.0,2.98,3.48,-4.32,0.51,-0.6,-0.29
416272.0,3.06,4.4,-5.88,0.44,-0.2,-0.27
416285.0,2.94,4.04,-5.93,0.36,0.26,-0.28
416298.0,2.37,2.86,-1.99,0.33,1.1,-0.37
416311.0,1.75,1.88,2.38,0.29,1.23,-0.44
416324.0,0.16,-0.48,10.04,-0.66,0.75,-0.5
416337.0,-1.38,-0.78,11.3,-1.49,0.65,-0.44
416350.0,-3.24,-3.47,18.47,-1.79,0.71,-0.05
416363.0,-4.04,-4.1,22.86,-1.05,0.76,0.19
416376.0,-4.29,-4.23,26.11,0.53,1.1,0.79
416389.0,-5.09,-1.3,26.32,0.9,1.29,1.09
416402.0,-4.23,0.72,24.69,1.1,0.99,1.1
416416.0,-3.36,4.68,19.33,1.08,0.55,0.78
416429.0,-2.57,5.69,16.75,0.87,-0.72,0.28
416442.0,-0.11,3.8,12.15,0.61,-1.34,0.07
416455.0,0.64,2.58,8.32,-0.01,-2.31,-0.32
416468.0,1.39,1.26,1.27,-0.25,-2.45,-0.43
416481.0,2.07,0.89,-2.12,-0.27,-1.96,-0.5
416494.0,2.72,2.47,-5.8,-0.09,-1.43,-0.5
416507.0,2.92,3.48,-5.92,0.23,-0.08,-0.31
416520.0,2.94,3.19,-4.27,0.31,0.62,-0.24
416533.0,2.81,2.76,-2.31,0.43,1.56,-0.23
416546.0,1.69,1.36,5.32,0.29,1.58,-0.27
416559.0,1.16,0.38,9.22,-0.95,1.12,-0.35
416572.0,-1.85,-1.1,13.63,-1.53,1.02,-0.27
416585.0,-3.12,-1.77,17.17,-1.13,0.88,0.13
416598.0,-4.68,-3.7,24.86,-0.25,0.85,0.36
416611.0,-4.98,-2.99,26.45,1.03,1.0,0.82
416624.0,-4.42,1.03,24.09,1.05,1.02,0.98
416637.0,-3.54,3.19,21.82,0.89,0.86,1.03
416650.0,-2.37,4.37,17.21,0.77,-0.01,0.53
416664.0,-1.61,3.94,15.33,0.83,-0.58,0.18
416677.0,-0.02,3.01,11.33,0.5,-1.71,-0.23
416690.0,0.84,2.32,8.31,0.26,-2.16,-0.28
416703.0,2.3,1.11,1.04,0.12,-2.46,-0.33
416716.0,3.01,1.64,-2.32,0.24,-2.25,-0.42
416729.0,3.62,4.22,-6.7,0.53,-1.35,-0.41
416742.0,3.85,4.6,-7.19,0.48,-0.78,-0.29
416755.0,3.61,4.16,-7.3,0.02,0.44,-0.1
416768.0,3.0,2.83,-4.71,-0.17,0.99,-0.11
416781.0,2.26,2.18,-1.65,-0.69,1.57,-0.21
416794.0,0.92,0.39,7.6,-1.21,1.47,-0.28
416807.0,0.26,-0.14,10.4,-1.94,0.93,-0.45
416820.0,-2.5,-1.57,14.32,-1.62,0.89,-0.43
416833.0,-3.77,-2.74,17.82,-0.34,0.88,-0.08
416846.0,-4.54,-4.39,25.8,0.0,0.95,0.13
416859.0,-4.45,-3.06,27.06,0.04,1.11,0.59
416872.0,-4.22,0.96,24.07,0.13,0.95,0.79
416885.0,-3.65,2.54,21.79,0.52,0.21,0.7
416898.0,-2.3,3.31,17.75,0.64,-0.34,0.46
416911.0,-2.11,2.82,14.82,0.6,-1.29,-0.06
416925.0,0.12,2.08,8.67,0.54,-1.63,-0.3
416938.0,0.79,2.1,5.43,0.3,-1.94,-0.51
416951.0,2.31,2.62,-1.61,0.15,-1.75,-0.56
416964.0,2.79,2.84,-3.86,-0.0,-0.88,-0.54
416977.0,3.65,4.32,-4.58,-0.04,-0.42,-0.51
416990.0,4.01,4.48,-4.11,-0.13,0.38,-0.36
417003.0,3.69,3.65,-0.98,-0.14,0.7,-0.32
417016.0,3.07,2.88,1.78,-0.16,0.91,-0.33
417029.0,1.52,1.11,8.84,-0.74,0.86,-0.33
417042.0,0.2,0.4,11.57,-1.14,0.79,-0.27
417055.0,-2.77,-1.67,17.28,-1.41,0.55,0.05
417068.0,-3.78,-3.39,21.07,-0.91,0.39,0.27
417081.0,-4.08,-4.17,28.12,0.6,0.52,0.72
417094.0,-4.29,-2.87,28.34,1.18,0.81,0.93
417107.0,-4.6,-0.45,26.78,1.65,1.09,1.14
417120.0,-3.41,3.42,19.54,1.71,0.88,0.99
417133.0,-2.54,4.25,16.56,1.79,-0.19,0.29
417146.0,-1.03,4.02,12.63,1.73,-0.79,-0.0
417159.0,-0.05,3.48,10.22,1.01,-2.03,-0.19
417173.0,1.66,2.21,3.33,0.54,-2.45,-0.21
417186.0,2.21,1.63,-0.3,-0.16,-2.48,-0.34
417199.0,3.43,3.13,-5.58,-0.25,-2.17,-0.43
417212.0,3.66,4.66,-6.65,-0.21,-1.14,-0.38
417225.0,3.86,5.37,-6.4,-0.24,-0.53,-0.3
417238.0,3.54,4.67,-5.68,-0.13,0.75,-0.16
417251.0,2.7,2.94,-1.2,-0.07,1.27,-0.16
417264.0,1.96,1.46,3.19,-0.3,1.35,-0.25
417277.0,0.75,-0.55,9.17,-0.87,1.25,-0.36
417290.0,-0.43,-1.06,9.99,-2.44,1.32,-0.22
417303.0,-2.45,-1.15,14.11,-3.09,1.33,-0.1
417316.0,-2.88,-2.34,17.41,-1.19,1.09,0.12
417329.0,-3.66,-3.82,23.89,-0.04,1.13,0.28
417342.0,-4.38,-3.53,25.01,0.46,1.32,0.77
417355.0,-4.52,-1.63,23.63,0.42,1.3,0.95
417368.0,-3.81,0.57,21.5,0.53,0.79,0.78
417381.0,-2.92,2.99,17.56,0.59,0.3,0.55
417394.0,-1.92,3.31,16.31,0.58,-0.2,0.27
417407.0,-0.63,3.84,12.02,0.34,-1.25,-0.29
417421.0,0.31,3.63,9.7,0.16,-1.74,-0.49
417434.0,2.08,3.43,5.18,0.11,-2.4,-0.77
417447.0,2.85,3.49,2.99,0.0,-2.51,-0.76
417460.0,3.59,3.35,-1.41,-0.25,-2.27,-0.58
417473.0,3.22,4.1,-3.47,-0.26,-1.9,-0.47
417486.0,3.73,3.96,-5.39,-0.08,-0.69,-0.17
417499.0,3.42,3.98,-5.48,0.09,0.04,0.01
417512.0,3.37,3.47,-3.52,0.17,1.23,0.19
417525.0,1.84,1.59,2.71,0.1,1.6,0.14
417538.0,0.79,0.76,5.87,-0.18,1.93,-0.11
417551.0,-1.47,-1.55,12.72,-0.23,1.93,-0.17
417564.0,-2.87,-3.38,16.75,-0.1,1.57,-0.09
417577.0,-5.1,-4.36,23.85,0.08,1.42,0.04
417590.0,-5.53,-3.2,25.62,0.4,1.12,0.4
417603.0,-4.44,0.95,24.44,0.5,0.9,0.56
417616.0,-3.3,3.02,22.35,0.67,0.22,0.42
417629.0,-1.55,5.32,17.48,0.73,-0.24,0.15
417642.0,-1.03,5.3,14.92,0.46,-1.08,-0.39
417655.0,0.33,3.54,9.28,0.19,-1.38,-0.55
417669.0,0.71,2.68,6.07,-0.01,-1.56,-0.6
417682.0,2.22,1.39,1.41,0.1,-1.47,-0.54
417695.0,2.6,1.81,-0.65,0.42,-0.92,-0.31
417708.0,3.55,3.38,-3.16,0.41,-0.56,-0.17
417721.0,3.57,3.96,-3.75,0.13,0.26,0.09
417734.0,3.43,4.07,-2.51,0.04,0.63,0.13
417747.0,3.43,3.98,-0.34,0.11,0.87,0.11
417760.0,2.11,3.14,4.15,0.24,0.81,-0.0
417773.0,0.76,2.01,6.43,-0.03,0.7,-0.07
417786.0,-2.67,-0.29,11.45,-1.17,0.52,-0.19
417799.0,-3.75,-1.78,15.07,-1.58,0.52,-0.15
417812.0,-5.3,-4.13,23.61,-1.02,0.79,0.21
417825.0,-5.36,-3.79,26.26,-0.2,1.05,0.41
417838.0,-5.22,0.39,24.44,1.22,1.36,0.68
417851.0,-4.53,2.6,22.57,1.44,1.28,0.73
417864.0,-3.4,3.91,20.27,1.42,0.51,0.2
417877.0,-1.95,5.79,15.57,1.15,-0.05,-0.06
417890.0,-1.22,5.28,13.94,0.39,-1.2,-0.38
417903.0,0.72,2.77,8.43,-0.11,-1.75,-0.4
417917.0,1.68,1.56,4.41,-0.88,-2.29,-0.2
417930.0,2.84,0.11,-2.2,-1.01,-2.19,-0.15
417943.0,2.66,0.74,-4.25,-1.21,-1.5,-0.11
417956.0,3.08,4.19,-5.0,-1.45,-0.96,-0.09
417969.0,2.81,4.79,-4.58,-1.69,0.16,-0.1
417982.0,1.96,5.06,-1.69,-1.53,0.63,-0.21
417995.0,1.92,4.58,1.25,-0.53,0.98,-0.5
418008.0,0.8,2.14,7.25,-0.01,1.03,-0.67
418021.0,-0.78,0.68,9.89,0.5,0.97,-0.84
418034.0,-2.11,-2.78,16.71,0.37,0.85,-0.77
418047.0,-2.75,-4.63,20.04,-0.32,0.74,-0.16
418060.0,-3.46,-4.3,25.37,-0.51,0.75,0.21
418073.0,-3.63,-2.75,25.87,0.03,0.64,0.8
418086.0,-2.87,1.02,23.52,0.55,0.52,0.93
418099.0,-2.57,2.76,21.05,1.29,-0.11,0.71
418112.0,-1.47,3.55,15.98,1.24,-0.53,0.49
418125.0,-0.79,3.66,13.64,1.02,-1.06,0.25
418138.0,0.37,2.52,7.18,-0.13,-1.89,0.08
418151.0,0.95,2.04,4.19,-0.62,-2.14,0.04
418164.0,2.51,1.99,-1.65,-0.71,-2.19,-0.06
418178.0,2.65,2.48,-3.91,-0.28,-1.9,-0.07
418191.0,3.18,4.57,-5.02,0.63,-0.94,0.03
418204.0,3.18,4.78,-4.81,0.69,-0.44,0.17
418217.0,2.78,4.04,-4.41,0.48,0.58,0.24
418230.0,1.86,2.72,-0.11,0.33,0.95,0.1
418243.0,1.42,2.06,3.71,-0.15,1.19,-0.24
418256.0,-0.07,0.53,9.95,-0.54,1.26,-0.37
418269.0,-0.95,-0.31,12.72,-1.01,1.27,-0.36
418282.0,-2.69,-4.19,19.82,-0.85,1.18,-0.22
418295.0,-3.09,-4.69,23.03,-0.1,1.2,0.31
418308.0,-3.12,-2.04,25.22,0.18,1.22,0.53
418321.0,-2.89,0.04,24.45,0.55,0.98,0.8
418334.0,-2.06,4.51,20.92,0.6,0.68,0.72
418347.0,-1.48,5.56,18.86,0.51,-0.27,0.28
418360.0,-0.16,4.52,14.9,0.48,-0.82,0.09
418373.0,0.53,3.19,12.44,0.72,-1.84,0.02
418386.0,1.96,1.28,6.82,0.86,-2.22,0.14
418399.0,2.13,0.03,4.14,1.16,-2.5,0.23
418412.0,2.77,0.23,-0.85,1.33,-2.38,0.21
418426.0,2.5,1.72,-2.59,1.11,-1.66,0.22
418439.0,2.64,4.12,-4.35,0.71,-1.13,0.29
418452.0,2.42,4.4,-3.95,0.15,-0.18,0.31
418465.0,2.32,4.32,-2.04,0.02,0.22,0.22
418478.0,2.03,3.59,-0.38,-0.05,0.59,0.05
418491.0,1.07,2.39,3.79,-0.26,1.1,-0.39
418504.0,0.03,1.42,6.39,-0.53,1.24,-0.54
418517.0,-1.51,-1.38,12.83,-1.27,1.42,-0.6
418530.0,-1.79,-3.23,16.56,-1.35,1.49,-0.47
418543.0,-2.34,-3.82,24.01,-0.28,1.57,0.02
418556.0,-2.31,-2.7,25.7,0.44,1.62,0.3
418569.0,-2.58,1.78,23.88,1.07,1.46,0.83
418582.0,-2.21,3.96,21.81,1.06,1.21,0.94
418595.0,-1.65,5.85,19.77,0.86,0.3,0.62
418608.0,-0.34,6.55,16.08,0.71,-0.26,0.36
418621.0,0.06,5.63,13.96,0.43,-1.33,-0.01
418634.0,1.25,3.43,8.14,0.28,-1.72,-0.11
418647.0,1.71,2.54,4.91,0.17,-2.02,-0.13
418660.0,2.89,1.8,-1.03,0.21,-1.95,-0.13
418674.0,3.22,2.04,-3.76,0.25,-1.3,-0.06
418687.0,3.06,3.32,-5.37,0.16,-0.84,0.01
418700.0,3.15,3.56,-4.99,-0.05,0.08,0.06
418713.0,2.58,3.45,-1.99,-0.04,0.44,-0.01
418726.0,2.05,2.88,0.1,-0.43,0.94,-0.31
418739.0,0.73,1.75,5.68,-0.97,1.14,-0.44
418752.0,-0.35,0.98,8.65,-1.97,1.3,-0.62
418765.0,-2.12,-1.2,15.42,-2.12,1.32,-0.62
418778.0,-2.96,-1.99,18.72,-1.16,1.38,-0.29
418791.0,-3.27,-1.59,24.54,-0.28,1.33,-0.07
418804.0,-3.3,-0.38,25.11,0.63,1.17,0.48
418817.0,-2.64,2.95,22.45,0.67,0.98,0.67
418830.0,-2.17,4.41,20.63,0.63,0.25,0.64
418843.0,-1.47,5.85,17.15,0.58,-0.28,0.45
418856.0,-1.04,5.46,15.3,0.44,-0.8,0.24
418869.0,0.36,3.65,10.53,-0.05,-1.71,0.01
418882.0,1.33,2.72,8.1,-0.14,-2.01,-0.06
418895.0,2.91,1.37,2.84,-0.0,-2.32,-0.08
418908.0,3.32,0.48,0.09,0.22,-2.23,-0.02
418922.0,2.88,1.43,-3.32,0.42,-1.48,0.01
418935.0,3.01,2.24,-3.79,0.28,-0.97,0.11
418948.0,2.75,2.58,-2.98,0.02,0.16,0.26
418961.0,2.54,2.36,-2.06,0.03,0.7,0.23
418974.0,2.22,2.02,-0.34,0.08,1.49,-0.04
418987.0,1.34,1.19,6.21,0.01,1.62,-0.19
419000.0,0.26,0.9,9.39,-0.61,1.38,-0.37
419013.0,-1.75,-1.31,15.79,-0.82,1.22,-0.31
419026.0,-2.08,-2.03,18.86,-0.83,1.16,0.08
419039.0,-2.65,-0.85,22.92,-0.49,1.16,0.28
419052.0,-2.51,0.35,23.45,0.73,1.01,0.62
419065.0,-1.96,3.19,22.04,1.06,0.83,0.71
419078.0,-1.49,4.66,20.22,1.13,0.16,0.59
419091.0,-1.17,5.68,16.46,0.91,-0.32,0.39
419104.0,-0.36,5.29,14.71,0.12,-1.37,0.18
419117.0,1.07,3.2,10.14,-0.25,-1.77,0.09
419130.0,1.52,2.58,7.2,-0.5,-2.25,-0.07
419143.0,2.65,1.27,1.81,-0.34,-2.28,-0.12
419156.0,2.91,0.6,-0.73,0.15,-1.86,-0.14
419170.0,3.02,1.49,-4.38,0.31,-1.38,-0.15
419183.0,3.0,2.46,-4.74,0.09,-0.27,-0.02
419196.0,2.64,2.38,-3.96,-0.03,0.26,0.03
419209.0,2.71,2.07,-2.7,-0.12,1.07,-0.11
419222.0,2.52,2.08,1.81,-0.19,1.3,-0.26
419235.0,2.18,2.14,4.77,-0.42,1.36,-0.4
419248.0,1.05,1.97,10.97,-1.25,1.07,-0.63
419261.0,-0.21,1.03,13.17,-1.54,0.84,-0.7
419274.0,-1.71,-1.14,18.5,-1.42,0.53,-0.56
419287.0,-2.22,-2.1,21.47,-0.78,0.51,-0.39
419300.0,-1.15,-1.85,25.97,0.31,0.89,0.18
419313.0,-1.29,-0.64,25.79,0.58,1.16,0.47
419326.0,-1.46,1.09,24.24,0.98,1.18,0.77
419339.0,-1.53,4.38,19.54,1.13,0.92,0.7
419352.0,-1.43,5.19,17.21,1.19,0.01,0.29
419365.0,-1.16,4.44,13.83,0.99,-0.49,0.07
419378.0,-1.06,3.78,11.56,0.31,-1.27,-0.23
419391.0,0.19,1.2,5.15,0.16,-1.43,-0.31
419404.0,0.97,-0.01,1.97,0.57,-1.26,-0.29
419417.0,2.34,0.25,-2.21,0.84,-0.99,-0.25
419431.0,2.99,0.93,-3.25,0.72,-0.27,-0.07
419444.0,3.72,2.87,-4.35,0.49,0.06,-0.01
419457.0,3.72,3.84,-4.35,-0.06,0.55,-0.01
419470.0,3.64,4.55,-2.21,-0.26,0.71,-0.05
419483.0,3.39,4.43,0.01,-0.67,0.7,-0.23
419496.0,2.47,3.69,5.39,-0.9,0.52,-0.28
419509.0,1.64,3.0,7.86,-1.62,0.15,-0.47
419522.0,-1.04,2.02,12.0,-1.86,0.03,-0.58
419535.0,-1.85,1.13,14.19,-1.37,-0.1,-0.59
419548.0,-2.94,-2.39,20.89,-0.61,-0.07,-0.43
419561.0,-2.61,-2.87,24.62,0.6,0.49,0.11
419574.0,-1.97,-0.86,25.89,0.8,0.84,0.4
419587.0,-2.17,0.74,24.02,0.94,1.06,0.66
419600.0,-1.69,3.46,19.59,1.15,0.96,0.86
419613.0,-1.54,4.13,17.47,1.23,0.65,0.74
419626.0,-1.0,4.12,13.36,1.09,-0.25,0.32
419639.0,-0.35,3.25,10.91,0.77,-0.63,0.16
419652.0,1.25,1.04,4.68,0.09,-1.17,-0.01
419665.0,2.04,0.34,1.87,-0.0,-1.28,0.03
419679.0,2.97,-0.45,-2.44,0.28,-1.09,0.21
419692.0,2.81,0.66,-3.56,0.53,-0.76,0.23
419705.0,3.19,1.69,-4.05,0.84,0.08,0.36
419718.0,2.63,3.18,-3.26,0.9,0.49,0.33
419731.0,2.01,2.48,-2.67,1.05,0.94,-0.23
419744.0,1.68,4.99,2.17,0.88,0.97,-0.51
419757.0,1.76,5.96,5.05,-0.45,0.69,-0.74
419770.0,0.88,5.3,9.86,-1.32,0.49,-0.83
419783.0,-0.6,4.91,11.6,-2.59,0.01,-1.19
419796.0,-2.01,3.8,16.1,-2.34,-0.27,-1.28
419809.0,-2.25,2.15,18.37,-0.58,-0.55,-1.08
419822.0,-2.15,-1.71,23.62,0.12,-0.4,-0.64
419835.0,-1.9,-2.93,26.21,0.54,0.29,0.16
419848.0,-2.3,-0.94,23.25,0.6,0.54,0.43
419861.0,-2.04,0.98,20.21,1.11,0.56,0.86
419874.0,-1.36,3.26,14.54,1.49,0.33,0.86
419887.0,-0.75,3.6,12.0,1.59,-0.18,0.63
419900.0,0.13,3.28,7.2,1.36,-0.37,0.47
419914.0,0.85,3.29,4.93,0.65,-0.71,0.19
419927.0,2.69,3.72,0.44,0.32,-0.87,0.08
419940.0,3.67,3.97,-1.5,-0.35,-0.96,-0.12
419953.0,4.77,5.64,-4.54,-0.71,-0.87,-0.19
419966.0,4.7,6.09,-5.15,-0.97,-0.73,-0.24
419979.0,3.92,5.53,-3.98,-1.01,-0.37,-0.29
419992.0,3.42,4.68,-2.71,-0.89,-0.18,-0.3
420005.0,1.68,2.41,3.99,-0.74,-0.05,-0.31
420018.0,0.74,1.06,7.33,-1.06,-0.16,-0.33
420031.0,0.01,-1.11,12.59,-2.06,0.11,-0.12
420044.0,-1.12,-3.23,15.33,-2.4,0.43,-0.01
420057.0,-2.86,-6.07,22.84,-1.41,0.95,0.26
420070.0,-2.88,-5.18,25.6,-0.22,1.24,0.4
420083.0,-3.33,-3.45,26.2,1.47,1.64,0.78
420096.0,-3.53,1.2,23.99,1.69,1.57,0.94
420109.0,-2.09,1.42,21.47,1.49,0.91,0.67
420122.0,-1.26,4.73,17.48,1.31,0.36,0.37
420135.0,-0.98,5.94,15.03,0.73,-0.8,-0.04
420148.0,0.26,4.02,9.34,0.42,-1.28,-0.18
420162.0,0.68,3.04,5.95,0.12,-1.89,-0.43
420175.0,2.36,2.42,0.33,0.23,-2.01,-0.5
420188.0,2.94,2.81,-1.8,0.41,-1.77,-0.46
420201.0,3.48,4.25,-4.96,0.38,-1.44,-0.32
420214.0,3.64,4.96,-5.44,0.08,-0.53,-0.06
420227.0,3.66,5.1,-4.19,-0.06,-0.04,0.0
420240.0,3.49,4.98,-1.92,-0.1,0.64,-0.01
420253.0,2.6,3.18,4.6,-0.22,0.75,-0.11
420266.0,1.82,2.38,7.14,-1.01,0.92,-0.3
420279.0,-0.09,0.81,11.37,-1.38,0.97,-0.31
420292.0,-0.96,-1.0,14.32,-1.17,0.98,-0.09
420305.0,-2.78,-4.08,22.12,-0.52,1.06,0.12
420318.0,-3.49,-4.29,25.5,0.57,1.41,0.69
420331.0,-4.28,-1.67,26.39,0.9,1.46,1.0
420344.0,-3.95,0.85,24.74,1.06,1.37,1.21
420357.0,-2.65,3.97,18.66,1.3,0.67,0.77
420370.0,-2.18,5.67,16.85,1.33,0.16,0.39
420383.0,-0.04,5.94,12.94,0.83,-0.82,-0.06
420396.0,0.66,4.39,9.7,0.53,-1.26,-0.26
420409.0,2.45,2.96,2.58,0.13,-1.87,-0.63
420423.0,3.34,2.92,-0.81,-0.09,-1.94,-0.72
420436.0,3.79,3.33,-3.97,-0.5,-1.54,-0.71
420449.0,4.47,5.03,-7.71,-0.63,-1.14,-0.59
420462.0,4.69,5.62,-7.95,-0.62,-0.08,-0.39
420475.0,3.99,5.2,-6.17,-0.38,0.47,-0.3
420488.0,3.74,4.65,-3.56,-0.01,1.12,-0.28
420501.0,2.47,2.34,3.93,-0.12,1.07,-0.35
420514.0,1.63,1.44,6.62,-1.1,0.94,-0.49
420527.0,-0.88,0.43,11.03,-1.81,0.85,-0.45
420540.0,-1.62,-0.22,14.1,-3.32,0.65,-0.23
420553.0,-2.87,-2.59,20.47,-2.87,0.61,-0.06
420566.0,-3.44,-3.24,23.97,-0.53,0.72,0.29
420579.0,-3.68,-2.58,27.14,0.36,0.85,0.53
420592.0,-3.74,-1.49,26.41,0.76,0.94,0.99
420605.0,-3.12,1.63,22.17,0.62,0.81,1.02
420618.0,-2.89,2.38,19.92,0.5,0.07,0.59
420631.0,-1.52,2.52,15.45,0.53,-0.43,0.24
420644.0,-0.71,2.62,12.34,0.49,-1.33,-0.38
420657.0,1.19,2.1,5.1,0.4,-1.7,-0.55
420671.0,2.33,1.52,1.4,0.13,-1.99,-0.54
420684.0,3.35,1.7,-5.33,-0.02,-1.84,-0.46
420697.0,3.56,2.42,-7.53,-0.12,-0.95,-0.22
420710.0,3.43,4.29,-7.73,-0.23,-0.41,-0.08
420723.0,3.41,4.26,-6.61,-0.34,0.1,0.03
420736.0,2.5,3.45,-0.91,-0.24,0.93,0.03
420749.0,1.73,2.49,3.35,-0.28,1.01,-0.07
420762.0,0.17,1.1,9.64,-1.14,0.97,-0.38
420775.0,-0.95,0.07,13.18,-1.53,1.0,-0.45
420788.0,-2.64,-1.94,20.26,-1.32,0.84,-0.38
420801.0,-3.2,-3.49,24.08,-0.74,0.75,-0.19
420814.0,-3.34,-3.78,27.28,0.41,0.9,0.29
420827.0,-3.62,-1.51,27.45,0.61,0.96,0.59
420840.0,-3.11,0.21,25.51,0.81,0.69,0.89
420853.0,-1.78,3.07,20.07,0.89,0.37,0.77
420866.0,-1.33,3.45,17.63,1.05,-0.64,0.2
420879.0,-0.03,3.17,11.3,0.89,-1.17,-0.05
420892.0,0.74,2.49,7.14,0.02,-1.93,-0.32
420905.0,2.13,0.71,-0.96,-0.27,-2.1,-0.3
420919.0,2.72,0.35,-4.41,-0.26,-1.81,-0.29
420932.0,2.63,2.12,-8.5,-0.18,-1.39,-0.23
420945.0,2.62,3.34,-8.42,-0.56,-0.31,-0.04
420958.0,2.27,3.54,-6.37,-0.84,0.25,-0.02
420971.0,1.87,3.11,-3.67,-1.11,1.05,-0.24
420984.0,1.65,1.74,3.12,-1.16,1.21,-0.42
420997.0,1.0,0.7,5.97,-1.03,1.47,-0.67
421010.0,-1.38,-1.83,11.42,-0.72,1.54,-0.81
421023.0,-2.12,-2.94,15.87,-0.01,1.43,-0.69
421036.0,-3.05,-4.15,24.35,-0.1,1.31,-0.46
421049.0,-3.17,-3.1,26.54,-0.51,1.34,0.28
421062.0,-2.82,0.42,27.23,-0.41,1.25,0.63
421075.0,-2.01,1.91,26.32,-0.12,1.03,0.83
421088.0,-1.41,4.39,22.43,0.61,0.16,0.64
421101.0,-1.22,4.12,20.31,0.81,-0.4,0.39
421114.0,-0.51,2.94,14.86,0.7,-1.41,-0.05
421127.0,0.1,2.06,11.55,0.45,-1.81,-0.17
421140.0,1.13,-0.04,3.51,0.04,-2.1,-0.26
421153.0,1.56,-0.58,-0.65,0.04,-1.97,-0.28
421167.0,2.63,1.2,-5.59,0.21,-1.22,-0.2
421180.0,2.88,2.16,-6.52,0.16,-0.76,-0.08
421193.0,3.04,2.81,-6.59,-0.2,0.09,0.22
421206.0,2.52,2.15,-4.52,-0.33,0.44,0.26
421219.0,2.27,1.91,-2.07,-0.51,0.88,0.02
421232.0,0.92,0.82,5.42,-0.66,0.98,-0.08
421245.0,-0.09,-0.43,9.18,-0.76,1.02,-0.27
421258.0,-2.87,-3.07,16.63,-0.46,1.05,-0.26
421271.0,-3.18,-4.25,21.28,0.32,1.03,-0.03
421284.0,-2.66,-2.06,26.25,0.42,1.11,0.17
421297.0,-2.62,-0.11,26.06,0.48,0.98,0.58
421310.0,-1.11,3.52,22.88,0.58,0.77,0.59
421323.0,-0.83,5.1,20.32,0.74,-0.08,0.17
421336.0,-0.85,5.13,16.73,0.74,-0.69,-0.08
421349.0,-0.71,4.65,14.67,0.3,-1.72,-0.32
421362.0,0.55,1.66,8.62,0.06,-2.11,-0.28
421375.0,1.17,0.66,4.87,0.0,-2.56,-0.05
421388.0,2.7,-1.7,-3.11,0.12,-2.43,0.15
421401.0,2.13,-2.25,-6.38,0.45,-1.37,0.09
421415.0,2.43,2.48,-7.38,0.19,-0.71,0.28
421428.0,2.24,3.11,-6.54,-0.78,0.67,0.55
421441.0,0.87,2.96,-3.46,-0.98,1.26,0.45
421454.0,0.45,1.76,0.22,-1.04,1.82,0.23
421467.0,-1.36,-0.64,10.03,-0.7,2.16,-0.29
421480.0,-2.31,-2.32,14.27,-0.42,2.04,-0.49
421493.0,-3.1,-4.24,21.54,-0.26,1.59,-0.46
421506.0,-3.03,-3.61,23.49,-0.2,1.42,-0.28
421519.0,-2.62,-0.09,24.29,0.05,0.93,0.11
421532.0,-1.95,1.89,23.9,0.2,0.66,0.26
421545.0,-1.2,3.48,22.84,0.43,-0.06,0.26
421558.0,-0.69,4.61,19.64,0.52,-0.44,0.1
421571.0,-0.45,3.94,17.27,0.49,-1.2,-0.17
421584.0,0.1,1.96,12.1,0.38,-1.47,-0.23
421597.0,0.42,0.53,8.68,0.26,-1.86,-0.14
421610.0,1.48,-1.24,0.78,0.24,-1.84,-0.05
421623.0,1.66,-1.24,-2.98,0.27,-1.32,0.18
421636.0,2.14,0.29,-6.9,0.23,-0.95,0.31
421649.0,1.74,1.44,-6.81,-0.18,-0.19,0.53
421662.0,1.61,2.15,-4.9,-0.38,0.26,0.46
421676.0,1.55,2.2,-1.87,-0.62,1.01,-0.06
421689.0,0.09,2.58,4.63,-0.94,1.26,-0.21
421702.0,-0.16,1.95,8.61,-1.4,1.4,-0.47
421715.0,-1.18,-1.84,15.67,-1.21,1.27,-0.56
421728.0,-2.04,-3.87,18.65,-0.07,1.1,-0.57
421741.0,-1.89,-4.78,23.92,0.33,1.13,-0.45
421754.0,-1.32,-2.64,25.42,0.34,1.06,0.11
421767.0,-1.26,1.56,23.6,0.36,0.86,0.39
421780.0,-0.33,2.62,22.52,0.77,0.13,0.46
421793.0,-0.66,4.91,19.31,0.84,-0.29,0.37
421806.0,-0.71,3.95,17.35,0.79,-0.68,0.24
421819.0,-0.33,1.89,12.52,0.6,-1.31,-0.01
421832.0,0.12,0.96,9.36,0.49,-1.52,-0.08
421845.0,1.08,-0.46,2.48,0.29,-1.64,-0.08
421858.0,1.36,-0.42,-0.78,0.22,-1.53,-0.04
421871.0,1.92,1.15,-4.38,0.24,-0.93,0.14
421884.0,1.88,2.16,-5.0,0.26,-0.57,0.2
421897.0,1.58,2.77,-4.88,0.15,0.25,0.24
421910.0,1.35,2.73,-3.36,0.04,0.65,0.15
421924.0,1.37,2.39,-1.05,-0.35,1.15,-0.15
421937.0,0.2,1.42,4.62,-0.72,1.26,-0.27
421950.0,-0.62,0.32,8.0,-1.51,1.17,-0.51
421963.0,-1.91,-1.66,15.12,-1.55,1.0,-0.5
421976.0,-2.75,-2.9,18.49,-0.77,0.75,-0.28
421989.0,-3.59,-3.52,25.27,-0.23,0.72,-0.08
422002.0,-3.51,-2.88,27.08,0.5,0.88,0.38
422015.0,-2.89,0.51,25.17,0.74,0.95,0.56
422028.0,-2.3,2.72,22.93,1.27,0.59,0.5
422041.0,-1.5,4.76,18.61,1.31,0.22,0.29
422054.0,-1.25,5.1,17.07,1.11,-0.75,-0.12
422067.0,-0.03,3.44,12.36,0.8,-1.2,-0.19
422080.0,0.53,1.31,9.08,0.25,-1.83,-0.07
422093.0,1.41,-1.93,1.72,0.25,-1.91,0.01
422106.0,1.58,-2.23,-1.02,0.46,-1.62,0.19
422119.0,2.05,-0.17,-3.99,0.57,-1.28,0.31
422132.0,2.08,1.08,-4.89,0.36,-0.39,0.46
422145.0,1.97,2.48,-5.25,0.19,0.14,0.4
422158.0,1.64,2.97,-4.17,0.08,1.05,0.02
422172.0,0.74,2.6,-0.16,0.13,1.36,-0.29
422185.0,1.2,2.68,3.79,-0.05,1.57,-0.53
422198.0,0.07,1.42,11.34,-0.72,1.57,-0.67
422211.0,-0.64,-0.0,14.29,-0.84,1.4,-0.71
422224.0,-2.31,-1.96,20.37,-0.24,1.15,-0.57
422237.0,-2.56,-1.43,23.44,0.18,1.06,-0.38
422250.0,-2.24,1.62,25.75,0.33,0.99,0.11
422263.0,-2.4,3.17,24.7,0.33,0.91,0.37
422276.0,-1.77,5.43,21.17,0.72,0.39,0.51
422289.0,-1.56,5.3,19.34,0.85,-0.03,0.4
422302.0,-1.36,4.82,17.42,1.07,-0.99,0.26
422315.0,-0.97,1.94,11.28,0.86,-1.39,0.29
422328.0,-0.3,0.79,8.72,0.36,-1.77,0.52
422341.0,1.24,-1.45,3.37,0.27,-1.69,0.58
422354.0,1.63,-1.9,0.69,0.52,-1.05,0.29
422367.0,2.05,0.53,-2.87,0.42,-0.63,0.13
422380.0,2.41,2.04,-3.78,-0.23,0.14,0.1
422393.0,2.37,2.81,-5.03,-0.35,0.47,0.07
422406.0,2.31,2.95,-4.28,-0.32,0.96,-0.05
422420.0,1.73,1.93,0.14,-0.38,1.07,-0.13
422433.0,1.23,1.48,3.65,-0.98,0.81,-0.32
422446.0,-0.58,-0.11,9.89,-1.45,0.53,-0.47
422459.0,-1.59,-0.8,12.52,-2.04,0.4,-0.52
422472.0,-3.14,-2.65,19.67,-1.92,0.46,-0.44
422485.0,-3.31,-2.92,23.31,-0.56,0.73,-0.17
422498.0,-3.17,-1.0,26.63,0.16,0.87,0.03
422511.0,-3.12,0.39,25.52,1.12,0.8,0.32
422524.0,-2.68,3.17,21.18,1.31,0.59,0.32
422537.0,-2.36,3.99,19.51,1.08,-0.3,0.12
422550.0,-1.81,3.55,15.81,0.76,-0.85,0.02
422563.0,-1.08,2.32,12.92,0.36,-1.42,0.0
422576.0,0.9,-0.61,5.34,-0.17,-2.23,0.06
422589.0,1.8,-1.46,1.59,-0.24,-2.34,0.12
422602.0,2.64,0.48,-4.19,0.01,-1.85,0.18
422615.0,3.05,2.16,-5.16,0.05,-1.37,0.23
422628.0,3.25,3.97,-4.87,-0.08,-0.37,0.3
422641.0,2.67,4.2,-4.52,-0.15,0.05,0.24
422654.0,2.3,4.15,-3.58,-0.26,0.86,-0.04
422667.0,0.93,2.7,-0.0,-0.3,1.19,-0.24
422681.0,0.19,2.05,2.89,-0.52,1.58,-0.55
422694.0,-1.29,-0.42,13.14,-0.69,1.48,-0.59
422707.0,-2.21,-2.24,18.24,-0.8,0.72,-0.59
422720.0,-3.73,-3.38,23.58,-0.87,0.56,-0.48
422733.0,-3.74,-2.76,25.32,-0.47,0.57,-0.03
422746.0,-3.05,0.59,25.16,0.06,0.52,0.17
422759.0,-2.41,2.35,23.25,0.94,0.23,0.3
422772.0,-1.54,4.81,19.14,1.11,-0.05,0.19
422785.0,-1.28,4.63,17.7,0.64,-0.87,-0.05
422798.0,-0.57,3.23,13.34,0.19,-1.32,-0.13
422811.0,0.08,1.97,10.58,-0.5,-1.99,-0.16
422824.0,1.6,-0.79,3.8,-0.6,-2.07,-0.12
422837.0,2.21,-1.64,0.41,0.06,-1.61,-0.04
422850.0,2.66,-0.12,-2.93,0.51,-1.18,0.12
422863.0,2.88,1.29,-2.77,0.93,-0.23,0.57
422876.0,2.43,2.92,-2.56,0.93,0.25,0.69
422889.0,2.26,3.56,-1.73,0.9,1.15,0.62
422902.0,1.73,3.87,1.7,1.1,1.55,0.35
422915.0,0.62,3.99,4.39,1.28,1.76,0.01
422929.0,-0.83,3.38,13.39,0.88,1.53,-0.46
422942.0,-2.35,1.07,17.02,0.33,1.0,-0.57
422955.0,-4.5,-1.89,20.27,-0.62,0.31,-0.64
422968.0,-4.01,-1.57,21.72,-0.81,0.37,-0.5
422981.0,-2.6,0.96,21.7,-0.08,0.47,-0.17
422994.0,-2.06,2.24,19.98,0.55,0.39,-0.07
423007.0,-1.01,3.71,16.18,1.13,0.03,-0.05
423020.0,-0.37,4.17,14.08,0.99,-0.28,-0.12
423033.0,0.11,4.33,12.1,0.15,-0.98,-0.21
423046.0,1.46,3.14,7.21,-0.31,-1.25,-0.21
423059.0,2.25,1.89,4.29,-0.95,-1.39,-0.16
423072.0,3.01,1.08,-0.34,-1.0,-1.22,-0.16
423085.0,3.06,1.68,-1.06,-0.42,-0.72,0.0
423098.0,2.88,2.91,-0.61,-0.18,-0.44,0.2
423111.0,2.62,2.61,0.26,-0.05,0.21,0.45
423124.0,1.7,2.75,3.3,-0.03,0.54,0.43
423137.0,1.18,2.71,5.11,0.05,1.03,0.19
423150.0,0.04,2.02,9.39,0.09,1.08,0.07
423163.0,-0.62,1.21,11.19,-0.04,0.86,-0.16
423177.0,-1.46,-0.45,13.46,-0.21,0.77,-0.24
423190.0,-1.75,-0.56,14.45,-0.49,0.67,-0.31
423203.0,-2.0,0.24,16.64,-0.46,0.61,-0.29
423216.0,-2.02,0.36,17.76,-0.2,0.5,-0.16
423229.0,-1.44,1.7,18.26,0.02,0.41,-0.14
423242.0,-1.06,2.33,17.89,0.42,0.02,-0.12
423255.0,-0.48,3.42,16.04,0.49,-0.22,-0.14
423268.0,-0.36,3.51,14.85,0.32,-0.71,-0.19
423281.0,0.05,3.83,12.69,0.09,-0.92,-0.2
423294.0,0.53,3.3,11.75,-0.2,-1.12,-0.15
423307.0,1.27,1.64,7.91,-0.44,-1.41,-0.12
423320.0,1.76,0.91,6.41,-0.19,-1.4,-0.11
423333.0,2.75,1.15,3.45,0.49,-1.2,0.03
423346.0,2.96,1.6,2.02,0.63,-1.07,0.22
423359.0,3.05,1.68,-1.28,0.59,-0.73,0.64
423372.0,2.62,1.89,-2.81,0.44,-0.45,0.73
423385.0,1.19,2.63,-3.77,-0.2,0.16,0.64
423398.0,0.66,2.78,-3.6,-0.49,0.54,0.52
423411.0,0.15,2.68,-2.24,-0.72,1.46,0.12
423425.0,-1.03,1.41,3.16,-0.71,1.87,-0.19
423438.0,-1.18,1.19,8.09,-0.53,1.92,-0.72
423451.0,-1.79,-0.98,15.49,-0.34,1.55,-0.89
423464.0,-2.9,-2.32,17.21,0.1,1.13,-0.83
423477.0,-3.41,-2.71,22.23,0.27,0.99,-0.7
423490.0,-2.55,-1.36,23.34,-0.01,0.89,-0.28
423503.0,-2.11,1.89,21.77,-0.03,0.81,-0.09
423516.0,-1.47,3.43,20.37,0.42,0.39,0.08
423529.0,-0.61,5.24,17.46,0.58,0.09,0.07
423542.0,-0.3,4.78,15.58,0.42,-0.69,0.08
423555.0,0.12,3.03,11.01,0.12,-1.06,0.12
423568.0,0.71,1.67,8.28,-0.38,-1.5,0.17
423581.0,1.64,-0.07,2.83,-0.55,-1.49,0.17
423594.0,1.85,-0.36,0.93,-0.55,-1.16,0.28
423607.0,1.72,0.44,-0.46,-0.4,-0.85,0.34
423620.0,1.48,1.13,0.02,-0.05,-0.05,0.43
423633.0,0.45,1.99,2.68,0.07,0.34,0.42
423646.0,0.1,2.0,4.95,-0.06,0.89,0.19
423659.0,-0.81,1.94,10.67,-0.16,1.03,-0.01
423673.0,-1.62,1.5,12.82,-0.17,1.05,-0.2
423686.0,-2.77,-0.28,17.89,0.17,0.89,-0.39
423699.0,-3.14,-0.57,20.06,0.6,0.76,-0.43
423712.0,-2.36,0.82,20.84,0.96,0.5,-0.35
423725.0,-1.87,2.0,19.59,0.87,0.37,-0.24
423738.0,-0.85,3.68,16.4,0.64,-0.12,-0.13
423751.0,-0.25,3.92,14.32,0.48,-0.49,-0.16
423764.0,0.7,3.45,11.52,-0.0,-1.3,-0.06
423777.0,2.83,1.32,5.1,-0.06,-1.6,0.06
423790.0,3.2,0.1,1.59,0.37,-1.73,0.23
423803.0,2.43,1.11,-2.14,0.68,-1.47,0.26
423816.0,2.63,2.37,-2.33,0.51,-0.52,0.31
423829.0,1.75,3.53,-2.21,0.17,0.06,0.31
423842.0,1.11,3.73,-0.65,-0.2,1.0,-0.01
423855.0,0.67,3.91,3.27,-0.29,1.32,-0.24
423868.0,-0.04,3.59,5.12,-0.51,1.84,-0.67
423881.0,-1.41,2.37,11.7,-0.44,1.92,-0.82
423894.0,-1.93,1.38,14.7,0.14,1.36,-0.74
423907.0,-3.67,-0.8,19.48,0.32,0.93,-0.56
423920.0,-3.93,-1.5,21.31,0.11,0.43,-0.13
423934.0,-3.32,0.9,22.46,-0.2,0.27,0.06
423947.0,-2.7,2.5,21.4,-0.28,0.02,0.41
423960.0,-1.05,3.65,17.38,-0.02,-0.23,0.43
423973.0,-0.39,3.41,15.07,0.34,-0.95,0.35
423986.0,0.59,1.95,9.84,0.29,-1.31,0.37
423999.0,1.1,0.95,6.92,-0.0,-1.7,0.36
424012.0,1.37,0.35,1.2,-0.13,-1.64,0.32
424025.0,1.57,0.35,-0.65,-0.2,-1.42,0.26
424038.0,1.59,2.08,-2.16,-0.27,-0.69,0.16
424051.0,1.43,3.01,-1.98,-0.34,-0.27,0.18
424064.0,0.77,3.64,0.23,-0.38,0.54,0.15
424077.0,0.89,3.39,2.19,-0.29,0.86,0.04
424090.0,0.3,3.08,6.51,-0.34,1.3,-0.27
424103.0,-0.29,2.34,9.89,-0.57,1.43,-0.35
424116.0,-1.64,0.21,16.93,-0.58,1.25,-0.43
424129.0,-2.92,-1.29,19.61,-0.37,0.99,-0.37
424142.0,-3.43,-2.39,22.01,0.25,0.63,-0.08
424155.0,-2.83,-0.4,24.46,0.37,0.56,0.12
424168.0,-2.78,1.19,23.54,0.36,0.42,0.49
424182.0,-1.7,3.62,19.44,0.5,0.26,0.52
424195.0,-1.05,4.34,17.35,0.97,-0.35,0.23
424208.0,-0.49,3.44,12.84,0.94,-0.76,0.13
424221.0,0.21,2.5,9.78,0.46,-1.54,0.13
424234.0,1.55,0.52,2.19,0.29,-1.76,0.13
424247.0,1.92,0.41,-0.79,0.23,-1.65,0.19
424260.0,2.01,1.5,-4.69,0.22,-1.36,0.19
424273.0,2.06,2.69,-4.92,0.05,-0.5,0.21
424286.0,1.53,3.67,-3.2,-0.06,-0.02,0.2
424299.0,1.12,3.94,-1.22,-0.2,0.64,0.02
424312.0,0.53,2.55,2.86,-0.36,0.98,-0.13
424325.0,-0.34,1.77,5.68,-0.84,1.6,-0.33
424338.0,-1.33,-1.04,13.87,-0.99,1.61,-0.37
424351.0,-2.21,-2.84,17.37,-0.55,1.24,-0.23
424364.0,-3.37,-2.45,21.76,0.04,1.06,-0.05
424377.0,-3.6,-1.39,22.64,0.74,0.8,0.32
424390.0,-3.12,2.15,22.21,0.59,0.71,0.45
424403.0,-2.58,4.09,20.8,0.43,0.51,0.49
424416.0,-0.98,6.0,16.92,0.45,-0.17,0.19
424430.0,-0.53,5.17,14.85,0.53,-0.61,0.0
424443.0,0.61,2.74,9.61,0.4,-1.48,-0.09
424456.0,1.5,1.58,6.31,0.28,-1.83,-0.01
424469.0,2.17,0.55,-0.53,0.2,-2.14,0.09
424482.0,2.23,0.66,-3.12,0.33,-1.96,0.12
424495.0,2.08,1.68,-4.53,0.33,-1.0,0.11
424508.0,1.76,3.51,-3.25,0.1,-0.42,0.12
424521.0,1.46,3.85,-1.53,-0.25,0.58,-0.02
424534.0,0.88,3.51,2.53,-0.38,1.02,-0.17
424547.0,0.05,2.83,4.93,-0.9,1.76,-0.41
424560.0,-1.09,0.38,11.36,-0.92,1.85,-0.48
424573.0,-1.54,-0.79,15.65,-0.06,1.53,-0.36
424586.0,-2.94,-1.96,20.55,0.41,1.27,-0.15
424599.0,-2.14,-1.93,21.9,0.71,0.95,0.34
424612.0,-3.83,1.52,22.07,0.61,0.75,0.48
424625.0,-3.22,2.94,20.66,0.16,0.26,0.53
424638.0,-1.89,5.46,17.07,0.13,-0.1,0.37
424651.0,-1.0,5.6,15.35,0.25,-0.92,0.06
424664.0,-0.15,4.09,11.04,0.22,-1.29,-0.01
424678.0,0.33,3.13,8.45,0.03,-1.72,-0.02
424691.0,1.66,1.34,3.15,-0.03,-1.75,-0.03
424704.0,2.05,1.1,0.48,-0.07,-1.3,-0.15
424717.0,2.17,2.5,-1.78,-0.13,-0.97,-0.21
424730.0,2.34,3.55,-1.91,-0.43,-0.24,-0.17
424743.0,1.98,3.93,-1.1,-0.5,0.15,-0.14
424756.0,1.75,3.75,0.28,-0.37,0.88,-0.22
424769.0,1.04,2.66,4.75,-0.37,1.17,-0.27
424782.0,0.37,1.6,7.34,-0.54,1.37,-0.28
424795.0,-0.89,-0.82,13.59,-0.84,1.35,-0.2
424808.0,-1.58,-1.53,16.35,-1.04,1.21,-0.02
424821.0,-3.03,-2.72,20.74,-0.54,0.88,0.48
424834.0,-3.59,-2.22,22.02,0.08,0.74,0.65
424847.0,-3.73,1.23,21.64,0.67,0.53,0.79
424860.0,-3.3,2.95,19.4,0.62,0.4,0.7
424873.0,-2.31,4.02,17.75,0.59,-0.04,0.19
424886.0,-1.11,5.41,14.17,0.57,-0.35,-0.04
424899.0,-0.4,4.39,12.15,0.31,-1.06,-0.17
424912.0,1.05,2.0,6.95,0.14,-1.37,-0.16
424925.0,1.81,1.33,4.02,-0.19,-1.57,-0.13
424939.0,2.32,0.91,-0.5,-0.26,-1.44,-0.15
424952.0,2.57,1.34,-1.69,-0.17,-0.88,-0.19
424965.0,2.59,3.5,-1.96,-0.23,-0.51,-0.16
424978.0,2.41,3.81,-1.04,-0.48,0.33,-0.09
424991.0,1.89,3.75,2.16,-0.55,0.72,-0.12
425004.0,1.46,3.52,3.76,-0.57,1.32,-0.29
425017.0,0.13,1.84,8.52,-0.58,1.45,-0.32
425030.0,-0.69,0.57,11.37,-0.29,1.28,-0.3
425043.0,-2.83,-3.16,16.88,-0.17,1.1,-0.16
425056.0,-3.39,-4.28,19.34,0.11,0.86,0.28
425069.0,-4.31,-2.61,21.73,0.21,0.81,0.5
425082.0,-4.47,-0.97,21.55,0.24,0.63,0.8
425095.0,-3.34,2.86,18.7,0.27,0.4,0.76
425108.0,-2.2,4.16,16.31,0.4,-0.23,0.26
425121.0,-1.48,4.39,12.7,0.44,-0.62,-0.11
425134.0,-0.28,4.19,10.7,0.36,-1.02,-0.2
425147.0,1.11,2.04,5.65,-0.02,-1.52,-0.34
425160.0,1.62,1.86,3.25,-0.08,-1.58,-0.4
425173.0,2.23,2.71,0.23,-0.16,-1.31,-0.42
425187.0,2.21,3.3,-0.47,-0.2,-1.03,-0.38
425200.0,2.04,4.09,-0.2,-0.17,-0.27,-0.3
425213.0,1.94,4.12,1.03,-0.06,0.13,-0.29
425226.0,1.11,3.12,4.83,0.13,0.72,-0.4
425239.0,0.19,2.09,7.07,0.15,0.92,-0.47
425252.0,-0.64,0.82,9.75,0.02,1.16,-0.36
425265.0,-2.05,-2.66,15.61,0.11,1.15,-0.17
425278.0,-3.07,-3.88,17.68,0.76,1.09,0.42
425291.0,-4.35,-3.22,20.66,1.13,1.06,0.67
425304.0,-4.38,-1.27,20.59,1.2,0.91,0.95
425317.0,-1.94,1.13,18.67,0.95,0.68,0.87
425330.0,-2.71,3.93,16.46,0.66,-0.14,0.04
425343.0,-1.57,7.07,12.62,0.57,-0.55,-0.19
425356.0,-0.56,6.2,11.13,0.35,-1.26,-0.34
425369.0,0.74,4.53,7.51,0.27,-1.6,-0.4
425382.0,1.44,4.05,5.14,-0.03,-1.86,-0.49
425395.0,2.23,3.71,1.45,-0.26,-1.76,-0.52
425408.0,2.68,3.92,0.43,-0.64,-1.26,-0.44
425421.0,2.6,4.78,0.07,-0.74,-0.87,-0.34
425435.0,2.21,5.01,1.08,-0.72,0.01,-0.01
425448.0,1.54,4.37,5.12,-0.49,0.42,0.16
425461.0,0.77,2.87,7.41,0.48,0.78,0.26
425474.0,-0.08,0.57,11.26,0.8,0.76,0.27
425487.0,-0.45,-0.31,12.41,0.43,0.57,0.43
425500.0,-1.27,-1.45,13.35,0.06,0.45,0.46
425513.0,-1.68,-1.37,13.55,-0.16,0.36,0.41
425526.0,-1.71,-1.03,14.26,-0.15,0.25,0.21
425539.0,-1.3,0.04,14.23,-0.12,0.12,0.05
425552.0,-0.78,2.01,12.95,-0.24,-0.1,-0.1
425565.0,-0.63,2.58,11.91,-0.39,-0.21,-0.1
425578.0,-0.29,3.27,9.98,-0.84,-0.37,-0.07
425591.0,-0.12,3.66,9.28,-1.1,-0.39,-0.04
425604.0,0.09,3.91,8.8,-1.44,-0.36,0.07
425617.0,0.25,3.94,8.42,-1.47,-0.3,0.13
425630.0,0.24,3.68,8.49,-1.28,-0.26,0.25
425643.0,0.2,3.24,8.54,-1.11,-0.24,0.31
425656.0,0.12,2.77,8.6,-0.76,-0.16,0.47
425669.0,0.05,1.36,8.76,-0.57,-0.08,0.54
425683.0,0.11,0.61,8.93,-0.31,0.06,0.49
425696.0,0.38,-0.3,9.46,-0.23,0.12,0.4
425709.0,0.43,-0.56,9.96,-0.29,0.13,0.19
425722.0,0.57,-0.74,10.34,-0.49,0.09,0.11
425735.0,0.58,-0.83,10.15,-0.8,-0.01,-0.1
425748.0,0.87,-0.57,9.38,-0.84,-0.02,-0.2
425761.0,1.04,-0.29,9.02,-0.79,0.11,-0.27
425774.0,1.17,-0.11,8.96,-0.65,0.22,-0.27
425787.0,1.19,-0.01,9.27,-0.22,0.34,-0.29
425800.0,1.19,0.34,9.75,-0.02,0.33,-0.27
425813.0,1.11,0.46,9.92,0.26,0.27,-0.24
425826.0,0.86,0.39,10.15,0.3,0.25,-0.23
425839.0,0.73,0.5,10.31,0.17,0.19,-0.27
425852.0,0.38,0.76,10.4,0.04,0.16,-0.29
425865.0,0.28,0.88,10.38,-0.12,0.13,-0.27
425878.0,-0.07,0.92,10.4,-0.12,0.12,-0.25
425891.0,-0.09,0.79,10.39,-0.14,0.12,-0.21
425904.0,-0.41,0.68,10.55,-0.04,0.09,-0.17
425917.0,-0.33,0.81,10.69,0.08,0.05,-0.15
425930.0,-0.52,1.09,10.61,0.24,-0.08,-0.06
425944.0,-0.53,0.99,10.32,0.22,-0.15,0.01
425957.0,-0.66,0.63,9.58,0.13,-0.18,0.05
425970.0,-0.71,0.58,9.34,0.12,-0.14,0.03
425983.0,-0.64,0.61,9.08,0.11,-0.01,-0.0
425996.0,-0.36,0.88,9.07,0.1,0.07,0.0
426009.0,-0.33,0.93,9.23,0.08,0.16,0.06
426022.0,-0.11,0.73,9.54,0.1,0.15,0.08
426035.0,-0.11,0.63,9.65,0.13,0.08,0.07
426048.0,-0.1,0.53,9.5,0.13,0.04,0.05
426061.0,-0.18,0.45,9.48,0.08,0.06,-0.01
426074.0,-0.2,0.88,9.22,0.06,0.09,-0.03
426087.0,-0.27,0.91,9.49,0.03,0.19,-0.04
426100.0,-0.27,0.87,10.61,0.05,0.19,-0.03
426113.0,-0.05,0.98,10.82,0.15,0.07,-0.06
426126.0,-0.04,1.28,10.17,0.24,0.05,-0.07
426139.0,0.12,1.34,9.96,0.34,0.11,0.01
426152.0,-0.06,0.41,8.91,0.31,0.13,0.03
426165.0,0.09,0.48,9.25,0.15,0.26,-0.04
426178.0,0.42,0.88,9.9,0.02,0.31,-0.08
426192.0,0.48,1.33,10.18,-0.01,0.26,-0.0
426205.0,0.25,0.97,9.67,0.08,0.19,0.04
426218.0,0.18,0.89,9.37,0.41,0.13,0.03
426231.0,-0.17,0.57,9.04,0.55,0.13,0.01
426244.0,-0.26,1.2,9.26,0.63,0.19,-0.06
426257.0,-0.36,1.25,9.82,0.53,0.32,-0.02
426270.0,-0.36,1.66,10.28,0.43,0.33,-0.05
426283.0,-0.28,1.81,10.65,0.24,0.23,-0.04
426296.0,-0.3,1.48,10.54,0.19,0.11,-0.03
426309.0,-0.4,0.85,9.79,0.09,-0.04,-0.02
426322.0,-0.54,0.37,9.27,0.07,-0.02,-0.05
426335.0,-0.41,0.9,9.17,0.28,0.14,-0.13
426348.0,-0.4,1.08,9.48,0.36,0.23,-0.12
426361.0,-0.43,1.24,9.76,0.41,0.29,-0.09
426374.0,-0.3,1.56,10.17,0.33,0.25,-0.03
426387.0,-0.34,1.47,10.11,0.17,0.13,0.07
426400.0,-0.4,1.45,9.45,0.17,0.08,0.07
426413.0,-0.44,1.54,9.33,0.14,0.08,0.01
426426.0,-0.6,1.64,9.53,0.1,0.1,-0.03
426440.0,-0.61,1.7,9.66,-0.08,0.14,-0.07
426453.0,-0.51,1.81,10.34,-0.14,0.14,-0.06
426466.0,-0.53,1.77,10.36,-0.09,0.02,0.01
426479.0,-0.46,1.48,10.09,-0.07,-0.05,0.04
426492.0,-0.53,1.33,10.07,-0.13,-0.14,0.06
426505.0,-0.69,0.93,10.28,-0.22,-0.19,0.02
426518.0,-0.62,0.8,10.75,-0.51,-0.34,-0.05
426531.0,-0.59,1.1,11.1,-0.64,-0.44,-0.08
426544.0,-0.57,0.99,10.95,-0.68,-0.62,-0.13
426557.0,-0.6,0.7,10.2,-0.59,-0.67,-0.17
426570.0,-0.62,0.32,9.96,-0.54,-0.47,-0.3
426583.0,0.34,0.4,11.2,-0.59,-0.26,-0.32
426596.0,-0.12,0.5,10.52,-0.8,-0.25,-0.25
426609.0,0.23,0.69,9.89,-0.81,-0.29,-0.21
426622.0,-0.02,0.9,9.57,-0.71,-0.3,-0.18
426635.0,-0.11,1.1,8.77,-0.32,-0.27,-0.12
426648.0,-0.16,1.32,8.61,-0.16,-0.2,-0.09
426661.0,-0.1,1.6,8.79,-0.03,-0.04,-0.02
426674.0,-0.32,1.6,9.12,0.0,0.02,0.0
426688.0,-0.27,1.69,9.57,-0.07,0.07,0.03
426701.0,-0.21,1.53,9.6,-0.13,0.04,0.05
426714.0,-0.28,1.24,9.7,-0.15,-0.0,0.1
426727.0,-0.23,0.82,9.57,-0.09,-0.02,0.12
426740.0,-0.17,0.58,9.54,0.06,-0.03,0.1
426753.0,-0.01,0.36,9.69,0.1,-0.02,0.08
426766.0,0.08,0.37,9.73,0.05,-0.03,0.07
426779.0,0.16,0.11,9.78,-0.06,-0.04,0.09
426792.0,0.32,-0.08,9.84,-0.14,-0.03,0.07
426805.0,0.53,-0.2,9.86,-0.13,-0.03,0.04
426818.0,0.51,-0.22,9.9,-0.03,-0.06,0.01
426831.0,0.53,-0.24,9.84,0.02,-0.05,-0.01
426844.0,0.5,-0.22,9.71,0.09,-0.03,-0.05
426857.0,0.47,-0.07,9.84,0.1,0.01,-0.05
426870.0,0.41,-0.04,9.78,0.08,0.06,-0.07
426883.0,0.42,-0.15,9.83,0.09,0.08,-0.11
426896.0,0.33,-0.09,9.91,0.11,0.11,-0.18
426909.0,0.32,0.16,10.18,0.13,0.1,-0.22
426922.0,0.27,0.46,10.34,0.24,0.03,-0.26
426936.0,0.14,0.86,10.44,0.29,-0.02,-0.25
426949.0,0.12,1.5,9.8,0.32,-0.04,-0.12
426962.0,-0.02,1.21,9.73,0.3,-0.04,-0.07
426975.0,-0.1,1.1,9.59,0.34,-0.03,-0.06
426988.0,0.06,0.83,9.91,0.36,0.04,-0.12
427001.0,0.14,0.85,10.3,0.35,0.03,-0.16
427014.0,0.04,1.2,10.37,0.15,-0.11,-0.19
427027.0,0.16,1.15,10.08,-0.03,-0.15,-0.15
427040.0,0.07,1.09,9.52,-0.18,-0.13,-0.08
427053.0,0.06,0.95,9.38,-0.13,-0.06,-0.06
427066.0,0.02,0.87,9.38,0.1,0.13,-0.06
427079.0,-0.65,1.12,11.79,0.23,0.17,-0.05
427092.0,0.96,1.67,11.76,0.31,-0.15,0.09
427105.0,-0.17,1.1,10.99,0.27,-0.17,0.13
427118.0,0.15,1.14,10.12,0.64,-0.19,0.18
427131.0,-0.2,0.56,9.45,0.85,-0.1,0.13
427144.0,-0.05,0.41,9.58,1.07,0.08,0.03
427157.0,0.19,0.54,10.0,0.99,0.12,-0.01
427170.0,0.21,0.66,9.57,0.74,0.18,-0.08
427183.0,0.24,0.91,9.69,0.61,0.19,-0.14
427197.0,0.38,1.06,9.77,0.37,0.07,-0.24
427210.0,0.66,0.72,9.27,0.26,-0.0,-0.29
427223.0,0.69,0.87,8.71,0.27,-0.07,-0.35
427236.0,-0.69,0.55,7.26,0.39,-0.03,-0.36
427249.0,1.21,0.91,7.65,0.72,0.22,-0.42
427262.0,-0.52,1.83,8.94,0.75,0.35,-0.4
427275.0,-0.0,2.35,10.18,0.55,0.29,-0.29
427288.0,-0.24,2.4,10.43,0.42,0.26,-0.23
427301.0,0.01,2.52,10.7,0.23,0.06,-0.18
427314.0,-0.28,2.72,10.33,0.12,-0.03,-0.17
427327.0,-0.4,2.81,10.52,-0.08,-0.12,-0.17
427340.0,-0.6,2.48,9.5,-0.19,-0.04,-0.21
427353.0,-0.6,2.46,9.71,-0.23,0.04,-0.26
427366.0,-0.47,2.48,10.14,-0.19,0.12,-0.28
427379.0,-0.45,2.35,10.35,-0.14,0.1,-0.26
427392.0,-0.27,1.9,10.08,-0.12,-0.02,-0.27
427405.0,-0.16,1.94,9.7,-0.14,-0.06,-0.26
427418.0,-0.12,1.65,9.05,-0.15,-0.07,-0.25
427431.0,0.04,1.64,8.97,-0.1,-0.03,-0.25
427445.0,-0.09,1.72,9.16,0.05,0.05,-0.28
427458.0,-0.1,1.64,9.26,0.13,0.06,-0.29
427471.0,-0.09,1.57,9.42,0.24,0.06,-0.35
427484.0,-0.19,1.5,10.18,0.25,0.01,-0.4
427497.0,-0.32,1.77,10.44,0.22,-0.12,-0.52
427510.0,-0.22,2.5,10.26,0.12,-0.15,-0.53
427523.0,-0.18,2.76,10.19,-0.1,-0.08,-0.36
427536.0,-0.11,2.6,9.79,-0.12,-0.05,-0.27
427549.0,-0.19,2.35,9.7,0.03,0.04,-0.14
427562.0,-0.17,2.12,10.05,0.11,0.03,-0.12
427575.0,-0.2,2.03,10.09,0.11,-0.03,-0.08
427588.0,-0.46,2.26,9.45,0.04,-0.02,-0.08
427601.0,-0.25,2.32,9.4,-0.05,-0.03,-0.05
427614.0,-0.22,2.46,9.21,-0.07,-0.07,-0.04
427627.0,0.18,2.54,8.78,-0.13,-0.13,-0.07
427640.0,0.15,2.58,8.19,-0.21,-0.14,-0.07
427653.0,0.28,2.29,8.29,-0.37,-0.15,-0.07
427666.0,0.18,1.92,9.11,-0.44,-0.16,-0.09
427679.0,0.04,2.12,9.74,-0.5,-0.18,-0.08
427693.0,-0.17,1.2,10.68,-0.49,-0.2,-0.07
427706.0,-0.49,0.75,11.18,-0.34,-0.17,-0.06
427719.0,-0.66,0.06,12.16,-0.16,-0.14,-0.04
427732.0,-0.67,-0.03,12.6,0.04,-0.1,-0.01
427745.0,-0.67,0.39,12.96,0.35,-0.04,0.04
427758.0,-0.66,0.6,12.88,0.41,-0.06,0.03
427771.0,-0.44,1.25,11.89,0.47,-0.19,-0.04
427784.0,-0.14,1.62,10.7,0.45,-0.28,-0.09
427797.0,0.39,2.78,8.25,0.23,-0.34,-0.17
427810.0,0.59,3.26,7.21,0.11,-0.33,-0.2
427823.0,0.87,3.48,6.0,-0.09,-0.29,-0.25
427836.0,1.37,3.65,3.97,-0.07,-0.23,-0.26
427849.0,1.51,3.46,3.3,0.08,0.02,-0.21
427862.0,1.49,3.15,3.03,0.11,0.19,-0.18
427875.0,1.3,2.93,3.94,-0.02,0.41,-0.07
427888.0,0.75,2.39,6.2,-0.11,0.47,-0.03
427901.0,0.24,2.15,7.61,-0.2,0.49,-0.08
427914.0,-0.7,1.32,10.92,-0.3,0.48,-0.15
427927.0,-1.27,0.78,12.44,-0.49,0.3,-0.32
427941.0,-1.78,-0.19,14.75,-0.5,0.19,-0.37
427954.0,-1.65,-0.71,15.67,-0.36,0.08,-0.34
427967.0,-1.18,-1.14,16.86,-0.26,0.06,-0.25
427980.0,-1.14,-0.73,16.86,-0.05,0.02,-0.06
427993.0,-0.87,-0.11,14.93,0.09,0.01,-0.01
428006.0,-0.8,0.5,13.57,0.41,-0.08,-0.03
428019.0,-0.15,2.09,11.14,0.49,-0.15,-0.07
428032.0,0.23,2.83,9.44,0.45,-0.23,-0.16
428045.0,0.89,3.79,5.0,0.47,-0.14,-0.21
428058.0,1.15,3.74,3.56,0.89,0.1,-0.26
428071.0,1.42,3.9,1.83,1.0,0.26,-0.25
428084.0,1.43,4.01,2.05,0.92,0.38,-0.21
428097.0,1.06,3.68,3.79,0.32,0.52,-0.12
428110.0,0.81,3.27,4.92,0.07,0.55,-0.07
428123.0,-0.19,2.39,8.26,-0.14,0.4,-0.06
428136.0,-0.84,1.9,10.21,-0.35,0.27,-0.05
428149.0,-1.98,0.06,13.96,-0.51,-0.04,-0.06
428162.0,-2.23,-0.62,15.7,-0.34,-0.14,-0.05
428175.0,-2.01,-1.11,18.51,0.14,-0.18,0.03
428188.0,-1.73,-0.76,18.73,0.24,-0.16,0.11
428202.0,-1.55,-0.24,18.18,0.21,-0.15,0.26
428215.0,-1.31,1.25,15.75,0.22,-0.23,0.26
428228.0,-0.85,1.92,12.78,0.17,-0.4,0.18
428241.0,-0.68,2.98,10.3,0.35,-0.53,0.1
428254.0,-0.5,2.82,7.86,0.55,-0.58,-0.03
428267.0,0.32,2.59,4.92,0.79,-0.52,-0.05
428280.0,1.08,3.07,4.1,0.93,-0.31,0.05
428293.0,1.74,3.73,2.23,0.7,-0.17,0.15
428306.0,1.84,4.16,1.36,-0.01,-0.03,0.28
428319.0,1.52,4.56,1.08,-0.3,0.02,0.27
428332.0,1.43,4.67,1.9,-0.73,0.13,0.17
428345.0,0.86,4.29,5.53,-0.89,0.16,0.08
428358.0,0.47,3.97,8.11,-1.01,0.26,-0.08
428371.0,-0.77,1.7,12.51,-0.96,0.27,-0.14
428384.0,-1.17,-0.19,15.06,-0.45,0.36,-0.03
428397.0,-1.2,-2.58,19.6,-0.16,0.45,0.14
428410.0,-1.19,-2.55,20.88,0.41,0.65,0.59
428423.0,-1.74,-0.25,20.41,0.67,0.66,0.73
428436.0,-1.84,1.19,18.98,0.78,0.38,0.72
428450.0,-1.54,3.41,15.38,0.77,0.11,0.57
428463.0,-1.34,3.66,13.83,0.75,-0.22,0.35
428476.0,-0.23,3.03,9.32,0.49,-0.81,0.01
428489.0,0.14,3.61,6.85,0.26,-1.01,-0.12
428502.0,1.35,3.84,1.54,-0.06,-1.02,-0.18
428515.0,1.88,4.09,-0.23,-0.0,-0.88,-0.19
428528.0,2.13,4.94,-2.28,0.15,-0.31,-0.15
428541.0,1.99,5.33,-1.88,0.11,-0.02,-0.13
428554.0,2.13,5.29,-1.18,-0.22,0.37,-0.1
428567.0,1.47,4.54,1.3,-0.48,0.51,-0.09
428580.0,1.24,3.71,3.56,-1.08,0.62,-0.02
428593.0,0.17,1.89,8.28,-1.42,0.61,-0.01
428606.0,-0.35,1.01,10.56,-1.31,0.49,0.01
428619.0,-1.36,-1.4,15.82,-0.93,0.44,0.07
428632.0,-1.56,-2.78,18.39,-0.25,0.44,0.3
428645.0,-1.86,-3.23,22.07,-0.03,0.51,0.43
428658.0,-2.07,-2.15,22.27,0.22,0.54,0.61
428671.0,-2.38,0.18,19.65,0.29,0.42,0.6
428684.0,-2.15,1.24,17.64,0.54,-0.04,0.31
428698.0,-1.59,2.22,13.74,0.62,-0.36,0.11
428711.0,-1.06,2.33,11.85,0.41,-0.9,-0.2
428724.0,0.2,2.42,7.49,0.19,-1.11,-0.32
428737.0,0.7,2.83,5.07,0.05,-1.32,-0.41
428750.0,1.58,2.74,0.71,0.09,-1.19,-0.4
428763.0,1.84,3.22,-0.74,-0.0,-0.57,-0.24
428776.0,1.84,4.64,-0.99,-0.13,-0.24,-0.12
428789.0,1.87,4.64,-0.52,-0.38,0.29,0.1
428802.0,1.43,3.66,1.64,-0.44,0.52,0.16
428815.0,1.17,3.2,3.82,-0.52,0.79,0.18
428828.0,0.11,1.39,9.46,-0.52,0.75,0.19
428841.0,-0.52,0.2,11.7,-0.42,0.65,0.2
428854.0,-1.53,-2.37,16.23,-0.16,0.53,0.19
428867.0,-1.7,-2.43,18.72,0.05,0.56,0.18
428880.0,-1.66,-0.87,21.16,0.37,0.53,0.21
428893.0,-1.73,-0.01,20.44,0.44,0.45,0.23
428906.0,-1.51,1.41,17.19,0.57,0.17,0.15
428919.0,-1.36,1.96,15.45,0.65,-0.06,0.03
428932.0,-1.0,2.33,13.52,0.72,-0.64,-0.25
428945.0,0.08,2.8,8.83,0.65,-0.85,-0.37
428959.0,0.67,3.29,6.59,0.49,-1.02,-0.45
428972.0,1.55,3.99,2.64,0.42,-0.95,-0.44
428985.0,1.77,4.37,1.19,0.3,-0.53,-0.28
428998.0,1.89,5.07,0.57,0.25,-0.29,-0.19
429011.0,1.82,5.03,0.97,0.13,0.15,-0.02
429024.0,1.42,4.26,3.24,0.17,0.31,0.02
429037.0,1.18,3.51,4.83,0.3,0.39,0.06
429050.0,0.16,2.29,8.67,0.26,0.31,0.09
429063.0,-0.38,1.56,10.24,-0.1,0.03,0.11
429076.0,-1.08,0.78,13.61,-0.32,-0.09,0.11
429089.0,-1.02,0.45,14.92,-0.62,-0.2,0.18
429102.0,-0.3,-0.31,16.43,-0.52,-0.18,0.27
429115.0,-0.21,-0.68,16.03,0.05,-0.14,0.25
429128.0,-0.35,-0.6,13.65,0.33,-0.14,0.14
429141.0,-0.34,0.14,12.51,0.53,-0.2,-0.07
429154.0,-0.1,2.04,10.76,0.46,-0.23,-0.08
429167.0,0.16,2.69,9.98,0.31,-0.34,-0.05
429180.0,0.04,4.01,9.04,0.21,-0.36,-0.01
429193.0,0.68,4.43,8.74,0.16,-0.46,0.07
429207.0,0.54,4.64,7.75,-0.1,-0.58,0.22
429220.0,0.65,4.38,7.6,-0.22,-0.56,0.32
429233.0,0.75,3.71,7.48,-0.29,-0.43,0.37
429246.0,0.79,3.29,7.82,-0.27,-0.34,0.36
429259.0,1.06,2.34,8.19,-0.13,-0.15,0.31
429272.0,1.11,2.1,8.5,0.01,-0.03,0.27
429285.0,1.33,2.15,9.19,0.43,0.15,0.17
429298.0,1.42,2.21,9.57,0.52,0.18,0.16
429311.0,1.5,2.21,9.87,0.35,0.15,0.22
429324.0,1.46,1.85,10.06,0.12,0.13,0.25
429337.0,1.43,1.56,9.84,-0.27,0.1,0.23
429350.0,1.52,1.19,9.74,-0.33,0.12,0.17
429363.0,1.53,1.16,9.78,-0.09,0.13,-0.01
429376.0,1.43,1.51,9.93,0.16,0.1,-0.07
429389.0,1.42,1.78,9.84,0.49,0.08,-0.11
429402.0,1.24,2.19,9.6,0.63,0.1,-0.09
429415.0,1.13,2.35,9.65,0.79,0.21,-0.03
429428.0,0.96,2.66,9.78,0.75,0.25,-0.01
429441.0,0.88,2.83,10.0,0.58,0.28,0.04
429455.0,0.72,3.13,10.24,0.48,0.23,0.05
429468.0,0.68,3.28,11.88,0.13,-0.13,0.11
429481.0,0.16,3.73,9.13,-0.14,-0.01,0.19
429494.0,0.47,3.64,8.79,-0.3,0.03,0.29
429507.0,0.13,2.87,8.8,-0.15,0.07,0.24
429520.0,0.13,2.96,9.11,0.08,0.07,0.16
429533.0,0.52,2.69,8.85,0.14,0.11,0.14
429546.0,0.42,2.56,9.16,0.34,0.12,0.09
429559.0,0.75,2.58,9.54,0.4,0.07,0.08
429572.0,0.65,2.77,9.8,0.38,0.05,0.08
429585.0,0.77,2.02,9.65,0.11,0.04,0.15
429598.0,0.75,2.06,9.48,-0.03,0.09,0.12
429611.0,0.86,2.77,9.81,0.0,0.15,0.08
429624.0,0.61,2.93,9.41,0.09,0.14,0.08
429637.0,0.4,3.13,9.26,0.26,0.13,0.09
429650.0,0.2,3.91,9.1,0.27,0.15,0.11
429663.0,1.82,3.61,9.5,0.25,0.18,0.18
429676.0,0.74,3.42,9.87,0.26,0.04,0.13
